Type,Packager,Sourcer,Status,Review Date,Last Update,QA status,Property Address,Asking,Price Group,BA Message,Accept Acq’ / Total $,CONFIG,Current Rent $ pw,Appraied Rent $ pw,Land Size,Title Type,Year Built or Registration,Selling Agent,Cashback or Rebate,Cashback or Rebate $,Closing BA,Closing Price,Client_Closed,Closing_Date,Record ID,Sort_Key__Dont_edit
,,,,,,,,,,,,,,,,,,,,,,,,,,- -
,,,,,,,,,,,,,,,,,,,,,,,,,,- -
,,,,,,,,,,,,,,,,,,,,,,,,,,- -
,,,,,,,,,,,,,,,,,,,,,,,,,,- -
,,,,,,,,,,,,,,,,,,,,,,,,,,- -
,,,,,,,,,,,,,,,,,,,,,,,,,,- -
,,,,,,,,,,,,,,,,,,,,,,,,,,- -
,,,,,,,,,,,,,,,,,,,,,,,,,,- -
01 Hl Comms,aaditya.m,will.e,01 Available,17/04/2026,17/04/2026,Approved,"Lot 3124, Smiths Lane Clyde North VIC 3978",N/A,$500-700k,,"L = $317,440
B = $344,500
T = $661,940","3
2
1",N/A,$550 - $580,256,Individual,TBC,"TBC
TBC
TBC",cashback,"$20,000",,,,,69e1a9caddf3d816b6154056,01 Hl Comms - 01 Available - $500-700k
01 Hl Comms,aaditya.m,will.e,01 Available,13/05/2026,13/05/2026,Approved,"Lot 120, CANDIDE RD Armstrong Creek VIC 3217",N/A,$500-700k,,"L = $299,950
B = $344,740
T = $644,690","3
2
2",N/A,$520 - $550,221,Individual,January 2027 approx.,"TBC
TBC
TBC",cashback,"$20,000",,,,,69e869dbf0966d1615a1338a,01 Hl Comms - 01 Available - $500-700k
01 Hl Comms,james.m,james.m,01 Available,13/05/2026,13/05/2026,Approved,"Lot 120, CANDIDE Gr, Armstrong Creek Armstrong Creek VIC 3217",N/A,$500-700k,,"L = $305,000
B = $364,740
T = $669,740","3
2
2",N/A,$500 - $550,221,Individual,September 2026 approx.,"Scott Soho
TBC
TBC",cashback,"$20,000",,,,,6a02a79edb555763bd119069,01 Hl Comms - 01 Available - $500-700k
01 Hl Comms,aaditya.m,ali.h,01 Available,19/05/2026,19/05/2026,Approved,"Lot 1425, Harlowe Estate Huntly VIC 3551",N/A,$500-700k,,"L = $182,000
B = $389,350
T = $571,350","4
2
1",N/A,$530 - $570,238,Individual,September 2027 approx.,"TBC
TBC
TBC",cashback,"$20,000",,,,,6a0bb43fa1f2c868499dc497,01 Hl Comms - 01 Available - $500-700k
01 Hl Comms,aaditya.m,ali.h,01 Available,19/05/2026,19/05/2026,Approved,"Lot 1420, Harlowe Estate Huntly VIC 3551",N/A,$500-700k,,"L = $197,000
B = $395,350
T = $592,350","4
2
2",N/A,$550 - $580,263,Individual,September approx.,"TBC
TBC
TBC",cashback,"$20,000",,,,,6a0bbaa6257959f88928ffd6,01 Hl Comms - 01 Available - $500-700k
01 Hl Comms,aaditya.m,ali.h,01 Available,19/05/2026,19/05/2026,Approved,"Lot 1417, Harlowe Estate Huntly VIC 3551",N/A,$500-700k,,"L = $227,000
B = $396,850
T = $623,850","4
2
2",N/A,$550 - $580,350,Individual,September approx.,"TBC
TBC
TBC",cashback,"$20,000",,,,,6a0bbaa37d46cf10e53563a5,01 Hl Comms - 01 Available - $500-700k
01 Hl Comms,aaditya.m,ali.h,01 Available,19/05/2026,19/05/2026,Approved,"Lot 1426, Harlowe Estate Huntly VIC 3551",N/A,$500-700k,,"L = $209,000
B = $406,650
T = $615,650","4
2
2",N/A,$550 - $580,294,Individual,September approx.,"TBC
TBC
TBC",cashback,"$20,000",,,,,6a0bbaa0f043d060cbe9f078,01 Hl Comms - 01 Available - $500-700k
01 Hl Comms,james.m,james.m,01 Available,19/05/2026,19/05/2026,Approved,"Lot 175, 70 Cherry Flat Rd Smythes Creek VIC 3351",N/A,$500-700k,,"L = $220,125
B = $409,615
T = $629,740","3
3
2",N/A,$470 - $435,275,Individual,Registered,"TBC
TBC
TBC",cashback,"$20,000",,,,,6a0bbab68c5a1b34e964a3c1,01 Hl Comms - 01 Available - $500-700k
01 Hl Comms,aaditya.m,ali.h,01 Available,20/05/2026,20/05/2026,Approved,"Lot 1442, Harlowe Estate Huntly VIC 3551",N/A,$500-700k,,"L = $217,000
B = $373,900
T = $590,900","4
2
2",N/A,$550 - $580,313,Individual,September 2027 approx.,"TBC
TBC
TBC",cashback,"$20,000",,,,,6a0bc34c8c5a1bc6d964bb18,01 Hl Comms - 01 Available - $500-700k
01 Hl Comms,aaditya.m,ali.h,01 Available,20/05/2026,20/05/2026,Approved,"Lot 1440, Harlowe Estate Huntly VIC 3551",N/A,$500-700k,,"L = $217,000
B = $374,100
T = $591,100","4
2
2",N/A,$550 - $580,313,Individual,September 2027 approx.,"TBC
TBC
TBC",cashback,"$20,000",,,,,6a0bc34958a90381dbaed5b8,01 Hl Comms - 01 Available - $500-700k
01 Hl Comms,james.m,ali.h,01 Available,21/05/2026,21/05/2026,Approved,"Lot 45343, AGATE Way, Mickleham Mickleham VIC 3064",N/A,$500-700k,,"L = $225,000
B = $400,000
T = $625,000","3
2
1",N/A,$530 - $570,195,Individual,Registered,"TBC
TBC
TBC",cashback,"$20,000",,,,,6a0e52119df05c17dea2b155,01 Hl Comms - 01 Available - $500-700k
01 Hl Comms,aaditya.m,ali.h,01 Available,17/04/2026,17/04/2026,Approved,"Lot 260, Units A,B, RIVERSTONE SPRINGS ESTATE Riverbend QLD 4280",N/A,$700+,"Logan Stats used, no undullah/riverbend stats available","L = $610,000
B = $789,900
T = $1,399,900","3 + 3
2 + 2
2 + 1",N/A,"$1,060 - $1,145",550,Torrens,TBC,"TBC
TBC
TBC",cashback,"$20,000",,,,,69e052e6d17a89c76c459345,01 Hl Comms - 01 Available - $700+
01 Hl Comms,aaditya.m,sachin.p,01 Available,29/04/2026,29/04/2026,Approved,"Lot 1062, Units A,B, Alwal St Yanchep WA 6035",N/A,$700+,,"L = $430,000
B = $639,990
T = $1,069,990","4 + 2
2 + 1
2 + 0",N/A,"$1,120 - $1,200",479,Torrens,Registered,"TBC
TBC
TBC",cashback,"$20,000",,,,,69f1666f0381f808c70d8ee6,01 Hl Comms - 01 Available - $700+
01 Hl Comms,jessica.k,ali.h,01 Available,8/05/2026,8/05/2026,Approved,"Lot 162, Units 1,2, Eagle Street Collingwood Park QLD 4301",N/A,$700+,,"L = $750,900
B = $694,903
T = $1,445,803","3 + 3
2 + 2
1 + 1",N/A,"$1,300 - $1,380",5576,Torrens,August 2026 approx.,"Bao
TBC
TBC",cashback,"$20,000",,,,,69fc3a6df197a103a35c771f,01 Hl Comms - 01 Available - $700+
01 Hl Comms,brandon.l,brandon.l,01 Available,7/05/2026,7/05/2026,Approved,"Unit 1, 26 Beckington St Elizabeth Downs SA 5113",N/A,$700+,,"L = $340,000
B = $409,000
T = $749,000","3
2
1",N/A,$530 - $575,257.97,Tbc,August 2026 approx.,"Mohit Nathani
hmgroup
TBC",cashback,"$20,000",,,,,69fc42a177bd45be0e6a8af6,01 Hl Comms - 01 Available - $700+
01 Hl Comms,brandon.l,brandon.l,01 Available,8/05/2026,8/05/2026,Approved,"Lot 533, Units 1-2, Turtledove Cct Coodanup WA 6210",N/A,$700+,,"L = $595,127
B = $395,000
T = $990,127","2 + 3
1 + 2
1 + 1",N/A,"$1,070 - $1,130",375,Green,November 2026 approx.,"IQINVEST
iqinvest
TBC",cashback,"$20,000",,,,,69fd97487e6cadc465d62992,01 Hl Comms - 01 Available - $700+
01 Hl Comms,aaditya.m,sachin.p,01 Available,12/05/2026,12/05/2026,Approved,"Lot 680, Units A,B, Sorell Crest Lakelands WA 6180",N/A,$700+,,"L = $375,000
B = $620,500
T = $995,500","4 + 2
2 + 1
1 + 1",N/A,"$1,070 - $1,140",375,Green,November 2026 approx.,"TBC
TBC
TBC",cashback,"$20,000",,,,,6a0281a5bc6566eb73731c94,01 Hl Comms - 01 Available - $700+
01 Hl Comms,aaditya.m,ali.h,01 Available,14/05/2026,14/05/2026,Approved,"Lot 152, Units A,B, Saxboard Rd Champion Lakes WA 6111",N/A,$700+,,"L = $462,000
B = $591,858
T = $1,053,858","3 + 2
2 + 1
1 + 1",N/A,"$1,280 - $1,380",420,Green,June 2026 approx.,"TBC
TBC
TBC",cashback,"$20,000",,,,,6a053217fa7ac164c80377ae,01 Hl Comms - 01 Available - $700+
01 Hl Comms,aaditya.m,aaditya.m,01 Available,15/05/2026,15/05/2026,Approved,"Lot 153, Units A,B, Saxboard Road Champion Lakes WA 6111",N/A,$700+,,"L = $429,000
B = $595,855
T = $1,024,855","3 + 2
2 + 1
1 + 1",N/A,"$1,280 - $1,380",390,Green,June 2026 approx.,"TBC
TBC
TBC",cashback,"$20,000",,,,,6a06a248f44936402e34625a,01 Hl Comms - 01 Available - $700+
01 Hl Comms,aaditya.m,ali.h,01 Available,19/05/2026,19/05/2026,Approved,"Lot 18, Golden Horizon Estate Bundaberg North QLD 4670",N/A,$700+,,"L = $299,000
B = $480,000
T = $779,000","4
2
2",N/A,$700 - $750,683,Torrens,September 2026 approx.,"TBC
TBC
TBC",cashback,"$20,000",,,,,6a0be31db1daf0ba977d89f9,01 Hl Comms - 01 Available - $700+
01 Hl Comms,aaditya.m,ali.h,01 Available,19/05/2026,19/05/2026,Approved,"Lot 15, Golden Horizon Estate Bundaberg North QLD 4670",N/A,$700+,,"L = $294,000
B = $480,000
T = $774,000","4
2
2",N/A,$700 - $750,606,Torrens,September 2026 approx.,"TBC
TBC
TBC",cashback,"$20,000",,,,,6a0be319b1daf0fa9d7d89c5,01 Hl Comms - 01 Available - $700+
01 Hl Comms,aaditya.m,ali.h,01 Available,19/05/2026,19/05/2026,Approved,"Lot 14, Golden Horizon Estate Bundaberg North QLD 4670",N/A,$700+,,"L = $299,000
B = $480,000
T = $779,000","4
2
2",N/A,$700 - $750,637,Torrens,September 2026 approx.,"TBC
TBC
TBC",cashback,"$20,000",,,,,6a0be315c53ffc4254770a93,01 Hl Comms - 01 Available - $700+
01 Hl Comms,aaditya.m,ali.h,01 Available,19/05/2026,19/05/2026,Approved,"Lot 166, Units A,B, Sandpiper Drive Singleton WA 6175",N/A,$700+,,"L = $439,500
B = $617,500
T = $1,057,000","3 + 2
2 + 1
1 + 1",N/A,"$1,180 - $1,290",381,Torrens,September 2026 approx.,"TBC
TBC
TBC",cashback,"$20,000",,,,,6a0bfc12f043d0c0aaecad55,01 Hl Comms - 01 Available - $700+
01 Hl Comms,aaditya.m,ali.h,01 Available,21/05/2026,21/05/2026,Approved,"Lot 673, Units A,B, Sorell Crest Lakelands WA 6180",N/A,$700+,,"L = $380,000
B = $582,500
T = $962,500","3 + 2
2 + 1
1 + 1",N/A,"$1,040 - $1,110",375,Green,November 2026 approx.,"TBC
TBC
TBC",cashback,"$20,000",,,,,6a0d65ec029f982326f66857,01 Hl Comms - 01 Available - $700+
01 Hl Comms,jessica.k,jessica.k,01 Available,21/05/2026,21/05/2026,,"Lot 331, Units 1,2, DRAKESBROOK Av, Ravenswood WA 6208",N/A,$700+,,"L = $349,000
B = $618,500
T = $967,500","3 + 2
2 + 1
1 + 1",N/A,"$1,100 - $1,160",448,Green,December 2026 approx.,"Sachin
TBC
TBC",cashback,"$20,000",,,,,6a0eb031017cbc3a373fbc8f,01 Hl Comms - 01 Available - $700+
01 Hl Comms,jessica.k,ali.h,02 EOI,5/05/2026,5/05/2026,Approved,"Lot 1318, MATTERHORN Pde, Huntly VIC 3551",N/A,$500-700k,,"L = $213,000
B = $380,850
T = $593,850","4
2
1",N/A,$560 - $580,321,Individual,September 2027 approx.,"Caitlin Philippe
TBC
TBC",cashback,"$20,000",,,,,69f97fe31261ed3312a83232,01 Hl Comms - 02 EOI - $500-700k
01 Hl Comms,aaditya.m,sachin.p,02 EOI,15/04/2026,15/04/2026,Approved,"Lot 1318, Harlowe Estate Huntly VIC 3551",N/A,$500-700k,,"L = $219,000
B = $393,770
T = $612,770","4
2
1",N/A,$560 - $600,321,Individual,December 2026 approx.,"TBC
TBC
TBC",cashback,"$20,000",,,,,69dedf7e34aa0153bf490fcd,01 Hl Comms - 02 EOI - $500-700k
01 Hl Comms,aaditya.m,will.e,02 EOI,5/05/2026,5/05/2026,Approved,"Lot 121, Candide Rd Armstrong Creek VIC 3217",N/A,$500-700k,,"L = $299,950
B = $344,740
T = $644,690","3
2
2",N/A,$520 - $550,221,Individual,January 2027 approx.,"TBC
TBC
TBC",cashback,"$20,000",,,,,69e8402229dc34731cf786f1,01 Hl Comms - 02 EOI - $500-700k
01 Hl Comms,jessica.k,ali.h,02 EOI,5/05/2026,5/05/2026,Approved,"Lot 1329, MATTERHORN Pde, Huntly VIC 3551",N/A,$500-700k,,"L = $201,000
B = $375,700
T = $576,700","3
2
2",N/A,$520 - $550,311,Individual,September 2027 approx.,"Caitlin Philippe
TBC
TBC",cashback,"$20,000",,,,,69f97fe6c3e5451bacbe01cc,01 Hl Comms - 02 EOI - $500-700k
01 Hl Comms,aaditya.m,will.e,02 EOI,31/03/2026,31/03/2026,Approved,"Lot 104, Wanke Rd Mannum SA 5238",N/A,$500-700k,,"L = $175,000
B = $371,000
T = $546,000","3
2
1",N/A,$450 - $500,313,Owners Corp/Community,Registered,"TBC
TBC
TBC",cashback,"$20,000",,,,,69c3414205fdaa906c1658ed,01 Hl Comms - 02 EOI - $500-700k
01 Hl Comms,aaditya.m,ali.h,02 EOI,16/02/2026,16/02/2026,Approved,"Lot 5, 66-74 Christian Rd Murray Bridge SA 5253",N/A,$500-700k,,"L = $250,000
B = $437,863
T = $687,863","4
2
2",N/A,$570 - $600,442,Torrens,March 2026 approx.,"TBC
TBC
TBC",cashback,"$20,000",,,,,69929294811c94583725a893,01 Hl Comms - 02 EOI - $500-700k
01 Hl Comms,jessica.k,ali.h,02 EOI,5/05/2026,5/05/2026,Approved,"Lot 1331, MATTERHORN Pde, Huntly VIC 3551",N/A,$500-700k,,"L = $202,000
B = $371,950
T = $573,950","4
2
2",N/A,$560 - $580,282,Individual,September 2027 approx.,"Caitlin Philippe
TBC
TBC",cashback,"$20,000",,,,,69f97fec77abc5b5485547f3,01 Hl Comms - 02 EOI - $500-700k
01 Hl Comms,jessica.k,ali.h,02 EOI,5/05/2026,5/05/2026,Approved,"Lot 1330, MATTERHORN Pde, Huntly VIC 3551",N/A,$500-700k,,"L = $210,000
B = $375,950
T = $585,950","4
2
2",N/A,$560 - $580,322,Individual,September 2027 approx.,"Caitlin Philippe
TBC
TBC",cashback,"$20,000",,,,,69f97fe91261ed8137a83257,01 Hl Comms - 02 EOI - $500-700k
01 Hl Comms,jessica.k,sachin.p,02 EOI,13/05/2026,13/05/2026,Approved,"Lot 12, Units 1,2, GOLDEN HORIZON ESTATE BUNDABERG NORTH QLD 4670",N/A,$700+,,"L = $349,000
B = $644,000
T = $993,000","3 + 2
2 + 1
1 + 1",N/A,"$1,120 - $1,200",850,Torrens,September 2026 approx.,"Will
TBC
TBC",cashback,"$20,000",,,,,6a040c7d5823240b5361e2f8,01 Hl Comms - 02 EOI - $700+
01 Hl Comms,aaditya.m,aaditya.m,02 EOI,13/04/2026,13/04/2026,Approved,"Lot 360, Units A,B, Rockwattle Drive Henley Brook WA 6055",N/A,$700+,,"L = $490,000
B = $620,500
T = $1,110,500","4 + 2
2 + 1
1 + 1",N/A,"$1,290 - $1,370",375,Green,Registered,"TBC
TBC
TBC",cashback,"$20,000",,,,,69d87fd6fef98a137c35e4f7,01 Hl Comms - 02 EOI - $700+
01 Hl Comms,aaditya.m,sachin.p,02 EOI,1/05/2026,1/05/2026,Approved,"Lot 17, Golden Horizon Estate Bundaberg North QLD 4670",N/A,$700+,,"L = $305,000
B = $480,000
T = $785,000","4
2
2",N/A,$700 - $750,658,Torrens,September 2026 approx.,"TBC
TBC
TBC",cashback,"$20,000",,,,,69f4512c54702528adac8752,01 Hl Comms - 02 EOI - $700+
01 Hl Comms,aaditya.m,sachin.p,02 EOI,1/05/2026,1/05/2026,Approved,"Lot 13, Golden Horizon Estate Bundaberg North QLD 4670",N/A,$700+,,"L = $299,000
B = $480,000
T = $779,000","4
2
2",N/A,$700 - $750,627,Torrens,September 2026 approx.,"TBC
TBC
TBC",cashback,"$20,000",,,,,69f4512892e18f55ecd22b61,01 Hl Comms - 02 EOI - $700+
01 Hl Comms,aaditya.m,sachin.p,02 EOI,1/05/2026,1/05/2026,Approved,"Lot 11, Golden Horizon Estate Bundaberg North QLD 4670",N/A,$700+,,"L = $299,000
B = $480,000
T = $779,000","4
2
2",N/A,$700 - $750,627,Torrens,September 2026 approx.,"TBC
TBC
TBC",cashback,"$20,000",,,,,69f45124e4296183acc375d4,01 Hl Comms - 02 EOI - $700+
01 Hl Comms,aaditya.m,sachin.p,02 EOI,1/05/2026,1/05/2026,Approved,"Lot 10, Golden Horizon Estate Bundaberg North QLD 4670",N/A,$700+,,"L = $299,000
B = $480,000
T = $779,000","4
2
2",N/A,$700 - $750,627,Torrens,September 2026 approx.,"TBC
TBC
TBC",cashback,"$20,000",,,,,69f451212ee90465a1cd1a64,01 Hl Comms - 02 EOI - $700+
01 Hl Comms,aaditya.m,sachin.p,02 EOI,1/05/2026,1/05/2026,Approved,"Lot 452, Units A,B, Rosser Avenue Baldivis WA 6171",N/A,$700+,1 in 50 flood for the next door street.,"L = $477,000
B = $654,990
T = $1,131,990","4 + 2
2 + 1
1 + 1",N/A,"$1,150 - $1,250",375,Green,July 2027 approx.,"TBC
TBC
TBC",cashback,"$20,000",,,,,69f2e9f747527cb375cb641e,01 Hl Comms - 02 EOI - $700+
01 Hl Comms,jessica.k,will.e,02 EOI,13/05/2026,13/05/2026,Approved,"Lot 1, Units 1,2, 12A Johnstone Rd, Southside Southside QLD 4570",N/A,$700+,Please note the property is 69.2m from High Voltage Powerlines,"L = $399,000
B = $549,000
T = $948,000","3 + 2
1 + 1
1 + 1",N/A,"$980 - $1,050",510,Torrens,May 2026 approx.,"TBC
TBC
TBC",cashback,"$20,000",,,,,6a029a21302fe27d807c426d,01 Hl Comms - 02 EOI - $700+
01 Hl Comms,aaditya.m,sachin.p,02 EOI,17/04/2026,17/04/2026,Approved,"Lot 265, Units A,B, Riverstone Springs Estate Riverbend QLD 4280",N/A,$700+,"Logan Stats used, no undullah stats available","L = $585,000
B = $764,900
T = $1,349,900","3 + 3
2 + 2
1 + 1",N/A,"$1,040 - $1,140",468,Torrens,TBC,"TBC
TBC
TBC",cashback,"$20,000",,,,,69df4b78841dcb4aad334e0b,01 Hl Comms - 02 EOI - $700+
01 Hl Comms,aaditya.m,sachin.p,02 EOI,1/05/2026,1/05/2026,Approved,"Lot 5, Units A,B, Golden Horizon Estate, North Bundaberg QLD 4670",N/A,$700+,,"L = $347,000
B = $628,000
T = $975,000","3 + 2
2 + 1
1 + 1",N/A,"$1,060 - $1,150",841,Torrens,August 2026 approx.,"TBC
TBC
TBC",cashback,"$20,000",,,,,69f42cd88250f61370bac067,01 Hl Comms - 02 EOI - $700+
01 Hl Comms,brandon.l,brandon.l,02 EOI,18/04/2026,18/04/2026,Approved,"Lot 645, Units 1-2, Snapper Road Eglinton WA 6034",N/A,$700+,,"L = $485,000
B = $654,990
T = $1,139,990","2 + 4
1 + 2
1 + 1",N/A,"$1,200 - $1,270",375,Tbc,July 2027 approx.,"TBC
TBC
TBC",cashback,"$20,000",,,,,69e2f65a17f4f8fb1dcf6034,01 Hl Comms - 02 EOI - $700+
01 Hl Comms,aaditya.m,sachin.p,02 EOI,14/04/2026,14/04/2026,Approved,"Lot 223, Mandorla Estate Munno Para SA 5115",N/A,$700+,,"L = $337,500
B = $399,600
T = $737,100","2
2
1",N/A,$550 - $600,300,Torrens,Registered,"TBC
TBC
TBC",cashback,"$20,000",,,,,69ddb5e40fe8864950dca57f,01 Hl Comms - 02 EOI - $700+
01 Hl Comms,brandon.l,brandon.l,02 EOI,18/04/2026,18/04/2026,Approved,"Lot 165, Units 1-2, Foreshore Dr Singleton WA 6175",N/A,$700+,,"L = $556,000
B = $651,500
T = $1,207,500","4 + 2
2 + 1
1 + 1",N/A,"$1,160 - $1,210",475,Tbc,August 2026 approx.,"TBC
TBC
TBC",cashback,"$20,000",,,,,69e2d9d9a5192432cd90fd60,01 Hl Comms - 02 EOI - $700+
01 Hl Comms,aaditya.m,sachin.p,02 EOI,8/04/2026,8/04/2026,Approved,"Lot 65, Coral Cove Estate QLD 4670",N/A,$700+,,"L = $318,000
B = $474,000
T = $792,000","4
2
2",N/A,$700 - $750,427,Torrens,TBC,"TBC
TBC
TBC",cashback,"$20,000",,,,,69d5bff09957023eb4570807,01 Hl Comms - 02 EOI - $700+
01 Hl Comms,aaditya.m,sachin.p,02 EOI,8/04/2026,8/04/2026,Approved,"Lot 154, Units A,B, Jannik Tce Pialba QLD 4655",N/A,$700+,,"L = $650,000
B = $949,000
T = $1,599,000","4 + 4
2 + 2
2 + 2",N/A,"$1,340 - $1,440",870,Torrens,April 2026 approx.,"TBC
TBC
TBC",cashback,"$20,000",,,,,69d608154d3284652d627697,01 Hl Comms - 02 EOI - $700+
01 Hl Comms,aaditya.m,sachin.p,02 EOI,23/03/2026,23/03/2026,Approved,"Lot 418, Units A,B, Devonport Road Baldivis WA 6171",N/A,$700+,,"L = $430,000
B = $547,000
T = $977,000","2 + 2
1 + 1
1 + 1",N/A,"$1,000 - $1,100",303,Green,April 2026 approx.,"TBC
TBC
TBC",cashback,"$20,000",,,,,69c083d340fafcbc64100cd8,01 Hl Comms - 02 EOI - $700+
01 Hl Comms,aaditya.m,ali.h,02 EOI,18/03/2026,18/03/2026,Approved,"Units A,B, Lot 274 Spinulosa Rd Mundijong WA 6123",N/A,$700+,No hot spotting report available,"L = $308,000
B = $636,900
T = $944,900","3 + 2
2 + 1
1 + 1",N/A,"$1,110 - $1,180",338,Green,December approx.,"TBC
TBC
TBC",cashback,"$20,000",,,,,69b907ae4c569f5229d96844,01 Hl Comms - 02 EOI - $700+
01 Hl Comms,aaditya.m,ali.h,02 EOI,17/03/2026,17/03/2026,Approved,"Units 1,2, 19 Wallawa Pl Huntly VIC 3551",N/A,$700+,,"L = $315,000
B = $457,200
T = $772,200","3 + 2
2 + 1
2 + 0",N/A,"$980 - $1,040",674,Individual,Registered,"TBC
TBC
TBC",cashback,"$20,000",,,,,69ae66570781a2d09c1857f2,01 Hl Comms - 02 EOI - $700+
01 Hl Comms,aaditya.m,sachin.p,02 EOI,2/03/2026,2/03/2026,Approved,"Lot 32, Units 1,2, Ocean Rise Estate Urangan QLD 4655",N/A,$700+,,"L = $362,000
B = $620,000
T = $982,000","3 + 2
2 + 1
1 + 1",N/A,"$1,140 - $1,200",600,Torrens,June 2026 approx.,"TBC
TBC
TBC",cashback,"$20,000",,,,,69a4e7d338c4973ab489edd3,01 Hl Comms - 02 EOI - $700+
01 Hl Comms,aaditya.m,ali.h,02 Eoi,17/03/2026,17/03/2026,Approved,,N/A,$700+,,"L = $355,000
B = $620,000
T = $975,000","3 + 2
2.5 + 1
1 + 1",N/A,"$1,130 - $1,210",541,Torrens,June 2026 approx.,"TBC
TBC
TBC",cashback,"$20,000",,,,,69b8a7be500ab146a0000fe0,01 Hl Comms - 02 Eoi - $700+
01 Hl Comms,aaditya.m,sachin.p,02 EOI,17/03/2026,17/03/2026,Approved,"Lot 307, Units A,B, Knights Way Baldivis WA 6171",N/A,$700+,1 in 200 flood but council shows no flooding,"L = $440,000
B = $531,500
T = $971,500","2 + 2
1 + 1
1 + 1",N/A,"$960 - $1,050",322,Green,April 2026 approx.,"TBC
TBC
TBC",cashback,"$20,000",,,,,69b0f26fade6880c9c1be6cc,01 Hl Comms - 02 EOI - $700+
01 Hl Comms,aaditya.m,sachin.p,02 EOI,17/03/2026,17/03/2026,Approved,"Units A,B, Lot 338 Casuarina Street, Yarrabilba QLD 4207",N/A,$700+,"This is an urgent package - google maps is not exact
Developers gave no indication where exactly this lot resides in Yarrabilba so BA's keep that in mind when presenting.","L = $599,000
B = $700,990
T = $1,299,990","4 + 4
2 + 2
1 + 1",N/A,"$1,260 - $1,340",448,Torrens,April 2026 approx.,"TBC
TBC
TBC",cashback,"$20,000",,,,,69b7560a579591663abd5126,01 Hl Comms - 02 EOI - $700+
01 Hl Comms,jessica.k,jessica.k,02 EOI,7/04/2026,7/04/2026,Approved,"Lot 168, Units 1,2, HOWLETT Way, Bullsbrook WA 6084",N/A,$700+,,"L = $395,000
B = $598,497
T = $993,497","3 + 2
2 + 1
1 + 1",N/A,"$1,200 - $1,280",400,Green,Registered,"Will
TBC
TBC",cashback,"$20,000",,,,,69d4799719b744efffbab089,01 Hl Comms - 02 EOI - $700+
01 Hl Comms,aaditya.m,sachin.p,02 EOI,9/04/2026,9/04/2026,Approved,"Lot 682, Units A,B, Singleton Street Eglinton WA 6034",N/A,$700+,,"L = $419,000
B = $606,800
T = $1,025,800","3 + 2
2 + 1
1 + 1",N/A,"$1,130 - $1,215",375,Green,July 2026 approx.,"TBC
TBC
TBC",cashback,"$20,000",,,,,69d7391a4bb34b65b6360b39,01 Hl Comms - 02 EOI - $700+
01 Hl Comms,james.m,james.m,02 EOI,10/04/2026,10/04/2026,Approved,"Lot 503, Units 1-2, Yanchep WA 6035",N/A,$700+,,"L = $487,000
B = $586,930
T = $1,073,930","3 + 2
2 + 1
1 + 1",N/A,"$1,120 - $1,100",375,Torrens,December 2026 approx.,"z
z
+61 4 00 250 241",cashback,"$20,000",,,,,69d877ea23edf0836f7c58fc,01 Hl Comms - 02 EOI - $700+
01 Hl Comms,aaditya.m,will.e,03 Contr' Exchanged,5/04/2026,5/04/2026,Approved,"Lot 103, Wanke Rd Mannum SA 5238",N/A,$500-700k,,"L = $175,000
B = $371,000
T = $546,000","3
2
1",N/A,$450 - $500,312,Owners Corp/Community,Registered,"TBC
TBC
TBC",cashback,"$20,000",,,,,69c33f0084026285d5dd8b71,01 Hl Comms - 03 Contr' Exchanged - $500-700k
01 Hl Comms,aaditya.m,sachin.p,05 Remove no interest,27/03/2026,27/03/2026,Approved,"Lot 216, Units A,B, Michel Drive Narangba QLD 4504",N/A,$700+,,"L = $725,000
B = $725,000
T = $1,450,000","3 + 3
2 + 2
1 + 1",N/A,"$1,280 - $1,350",481,Torrens,Registered,"TBC
TBC
TBC",cashback,"$20,000",,,,,69c5e87157fc0a4687e49326,01 Hl Comms - 05 Remove no interest - $700+
01 Hl Comms,jessica.k,ali.h,05 Remove no interest,18/03/2026,18/03/2026,Approved,"Lot 239, Unit 1,2, LEYBURN St, Lara VIC 3212",N/A,$700+,"Please note that there are no 1-bedroom units/houses that have sold, for the CMA there are 2 bedrooms","L = $327,000
B = $455,100
T = $782,100","3 + 1
2 + 1
1 + 0",N/A,$920 - $970,351,Individual,April 2026 approx.,"Ali
TBC
TBC",cashback,"$20,000",,,,,69ba391f31448f3ae40e85f2,01 Hl Comms - 05 Remove no interest - $700+
01 Hl Comms,aaditya.m,ali.h,05 Remove no interest,16/04/2026,16/04/2026,Approved,"Units A,B, 13 Wallawa Pl Huntly VIC 3550",N/A,$700+,,"L = $300,000
B = $465,790
T = $765,790","3 + 2
2 + 1
2 + 0",N/A,"$960 - $1,040",628,Individual,Registered,"TBC
TBC
TBC",cashback,"$20,000",,,,,69e06d7d1cc6871bb01788ef,01 Hl Comms - 05 Remove no interest - $700+
01 Hl Comms,john.t,john.t,06 Remove Lost,17/03/2026,17/03/2026,Approved,"Lot 125, 2 Osborne Cct Maroochydore QLD 4558",N/A,,BA Message,"L = $410,000
B = $490,000
T = $900,000","4 + 3
4 + 2
2 + 2",N/A,"$1,050 - $1,140",500,Torrens,January 2026 approx.,"TBC
TBC
TBC",cashback,"$20,000",,,,,69ad0d5a6fa97259f09e81e9,01 Hl Comms - 06 Remove Lost -
01 Hl Comms,john.t,john.t,06 Remove Lost,17/03/2026,17/03/2026,Approved,"Lot 124, 2 Osborne Cct Maroochydore QLD 4558",N/A,,BA Message,"L = $300,000
B = $400,000
T = $700,000","4
3
1",N/A,$500 - $550,390,Torrens,June 2026 approx.,"TBC
TBC
TBC",cashback,"$20,000",,,,,69ad0d576fa97256959e81e8,01 Hl Comms - 06 Remove Lost -
01 Hl Comms,john.t,john.t,06 Remove Lost,17/03/2026,17/03/2026,Approved,"Lot 123, 2 Osborne Cct Maroochydore QLD 4558",N/A,,BA Message,"L = $389,000
B = $450,000
T = $839,000","3 + 2
1.5 + 1
1 + 1",N/A,$700 - $800,401,Torrens,May 2026 approx.,"TBC
TBC
TBC",cashback,"$20,000",,,,,69ad0d531e80c9029523b497,01 Hl Comms - 06 Remove Lost -
01 Hl Comms,john.t,john.t,06 Remove Lost,17/03/2026,17/03/2026,Approved,"Lot 123, 2 Osborne Cct Maroochydore QLD 4558",N/A,,BA Message,"L = $389,000
B = $450,000
T = $839,000","3 + 2
1.5 + 1
1 + 1",N/A,$700 - $800,401,Torrens,May 2026 approx.,"TBC
TBC
TBC",cashback,"$20,000",,,,,69ad0d531e80c9029523b497,01 Hl Comms - 06 Remove Lost -
01 Hl Comms,john.t,jessica.k,06 Remove Lost,17/03/2026,17/03/2026,Approved,"Lot 111, Palm View Estate Maroochydore QLD 4558",N/A,,,"L = $430,000
B = $490,000
T = $920,000","3 + 2
2 + 1
1 + 1",N/A,"$980 - $1,040",430,Torrens,May 2026 approx.,"TBC
TBC
TBC",cashback,"$20,000",,,,,69b3cff0db54101a5f23cc95,01 Hl Comms - 06 Remove Lost -
01 Hl Comms,john.t,jessica.k,06 Remove Lost,17/03/2026,17/03/2026,Approved,"Lot 115, Palm View Estate Maroochydore QLD 4558",N/A,,,"L = $430,000
B = $510,000
T = $940,000","4 + 2
1.5 + 1
1 + 1",N/A,"$980 - $1,060",490,Torrens,May 2026 approx.,"TBC
TBC
TBC",cashback,"$20,000",,,,,69b3cff5c504d9c231168ebf,01 Hl Comms - 06 Remove Lost -
01 Hl Comms,john.t,jessica.k,06 Remove Lost,17/03/2026,17/03/2026,Approved,"Lot 113, Palm View Estate Maroochydore QLD 4558",N/A,,,"L = $580,000
B = $610,000
T = $1,190,000","4 + 1
2 + 1
1 + 1",N/A,"$1,010 - $1,050",459,Torrens,May 2026 approx.,"TBC
TBC
TBC",cashback,"$20,000",,,,,69b3cff2ee5ca533780c8f36,01 Hl Comms - 06 Remove Lost -
01 Hl Comms,aaditya.m,ali.h,06 Remove lost,1/04/2026,1/04/2026,Approved,"Lot 101, Units A,B, The Crest Estate Baldivis WA 6171",N/A,$700+,,"L = $379,000
B = $598,426
T = $977,426","3 + 2
2 + 1
1 + 1",N/A,"$1,060 - $1,120",377,Green,July 2026 approx.,"TBC
TBC
TBC",cashback,"$20,000",,,,,69ccaf1245d37b4cf8adccef,01 Hl Comms - 06 Remove lost - $700+
01 Hl Comms,aaditya.m,ali.h,06 Remove lost,21/04/2026,21/04/2026,Approved,"Units A,B, 10 Sawmill Rd Huntly VIC 3551",N/A,$700+,,"L = $335,000
B = $473,800
T = $808,800","3 + 2
2 + 1
2 + 0",N/A,"$960 - $1,040",777,Individual,Registered,"TBC
TBC
TBC",cashback,"$20,000",,,,,69e05bc7b8fd944ed77aae2c,01 Hl Comms - 06 Remove lost - $700+
01 Hl Comms,aaditya.m,ali.h,06 Remove lost,16/04/2026,16/04/2026,Approved,"Units A,B, 19 Sawmill Rd Huntly VIC 3551",N/A,$700+,,"L = $315,000
B = $468,000
T = $783,000","3 + 2
2 + 1
2 + 0",N/A,"$960 - $1,040",674,Individual,Registered,"TBC
TBC
TBC",cashback,"$20,000",,,,,69e0593bd17a8989bc45b6de,01 Hl Comms - 06 Remove lost - $700+
01 Hl Comms,aaditya.m,ali.h,06 Remove lost,24/04/2026,24/04/2026,,"Lot 36, Units A,B, Raceview Estate Clifton QLD 4361",N/A,$700+,,"L = $265,000
B = $671,226
T = $936,226","3 + 2
2 + 1
1 + 1",N/A,"$950 - $1,050",857,Torrens,November 2026 approx.,"TBC
TBC
TBC",cashback,"$20,000",,,,,69e98ca72b0df993d260c700,01 Hl Comms - 06 Remove lost - $700+
01 Hl Comms,aaditya.m,ali.h,06 Remove lost,27/04/2026,27/04/2026,Approved,"Lot 21, Units A,B, Ridge on The Branyan Estate, Branyan QLD 4670",N/A,$700+,,"L = $415,000
B = $870,000
T = $1,285,000","4 + 4
2 + 2
1 + 1",N/A,"$1,300 - $1,380",939,Torrens,TBC,"TBC
TBC
TBC",cashback,"$20,000",,,,,69eb1c839a062d1197c23645,01 Hl Comms - 06 Remove lost - $700+
01 Hl Comms,brandon.l,brandon.l,06 Remove lost,18/04/2026,18/04/2026,Approved,"Lot 59, Units 1-2, The Crest Baldivis WA 6171",N/A,$700+,"""lot 59 The Crest (not 58 that's on the quote sheet)"" - Peter Allen","L = $634,650
B = $465,000
T = $1,099,650","3 + 2
2 + 1
2 + 0",N/A,"$1,160 - $1,200",494,Tbc,August 2026 approx.,"Peter Allan
TBC
TBC",cashback,"$20,000",,,,,69e323a32797765d293b6ab7,01 Hl Comms - 06 Remove lost - $700+
01 Hl Comms,jessica.k,sachin.p,06 Remove lost,4/05/2026,4/05/2026,Approved,"Lot 47, Units 1,2, Road Reserve, Mariginiup WA 6078",N/A,$700+,Please note the data is from BANKSIA GROVE. The CMA is also from BANKSIA GROVE,"L = $425,000
B = $602,755
T = $1,027,755","3 + 2
2 + 1
1 + 1",N/A,"$1,300 - $1,390",313,Green,February 2027 approx.,"Chris
TBC
TBC",cashback,"$20,000",,,,,69f7fdd4ad06c24c03793e0a,01 Hl Comms - 06 Remove lost - $700+
01 Hl Comms,brandon.l,brandon.l,06 Remove lost,6/05/2026,6/05/2026,Approved,"Darlot Loop, Lakelands, WA, 6180",N/A,$700+,HTAG was used for growth 3 and 5 yr as issue with website. Locations used was nearby property.,"L = $353,000
B = $581,300
T = $934,300","2 + 2
1 + 1
2 + 2",N/A,"$920 - $1,040",313,Green,November 2026 approx.,"Darren Govic
darren@buildwiseinvestments.com.au
+61 4 50 880 989",cashback,"$20,000",,,,,69faaa220b17755de5745c17,01 Hl Comms - 06 Remove lost - $700+
01 Hl Comms,aaditya.m,sachin.p,06 Remove lost,20/03/2026,20/03/2026,Approved,Lot 404 Tidmarsh Street Angle Vale SA 5117,N/A,$700+,,"L = $363,000
B = $394,950
T = $757,950","4
2
1",N/A,$620 - $650,300,Torrens,May 2026 approx.,"TBC
TBC
TBC",cashback,"$20,000",,,,,69bb83c20140060b936858eb,01 Hl Comms - 06 Remove lost - $700+
01 Hl Comms,john.t,john.t,06 Remove lost,17/03/2026,17/03/2026,Approved,"Lot 78, Waterside Estate Stage 2 Maroochydore QLD 4558",N/A,$700+,"test
test
test","L = $489,000
B = $489,000
T = $978,000","5
1
1",N/A,$780 - $820,390,Torrens,June 2026 approx.,"John Doe
johndoe@email.com
0000 000 000",cashback,"$20,000",,,,,69b68346ed181f62621f1a22,01 Hl Comms - 06 Remove lost - $700+
01 Hl Comms,john.t,james.m,06 Remove Lost,17/03/2026,17/03/2026,Approved,"Lot 25, Hilltop Estate Maroochydore QLD 4558",N/A,$700+,,"L = $470,000
B = $530,000
T = $1,000,000","3 + 2
2 + 1
1 + 1",N/A,$940 - $990,450,Torrens,June 2026 approx.,"TBC
TBC
TBC",cashback,"$20,000",,,,,69b4a8daf096d69ed39f21a2,01 Hl Comms - 06 Remove Lost - $700+
01 Hl Comms,john.t,james.m,06 Remove Lost,17/03/2026,17/03/2026,Approved,"Lot 23, Hilltop Estate Maroochydore QLD 4558",N/A,$700+,7 brem,"L = $470,000
B = $520,000
T = $990,000","4 + 1
2 + 1.5
1 + 1",N/A,$940 - $990,360,Torrens,June 2026 approx.,"TBC
TBC
TBC",cashback,"$20,000",,,,,69b4a8d7573e984905deb2a3,01 Hl Comms - 06 Remove Lost - $700+
01 Hl Comms,john.t,james.m,06 Remove Lost,17/03/2026,17/03/2026,Approved,"Lot 21, Hilltop Estate Maroochydore QLD 4558",N/A,$700+,,"L = $480,000
B = $510,000
T = $990,000","5
3
2",N/A,$840 - $900,390,Torrens,June 2026 approx.,"TBC
TBC
TBC",cashback,"$20,000",,,,,69b4a8d224a6f98c81a428fe,01 Hl Comms - 06 Remove Lost - $700+
01 Hl Comms,jessica.k,will.e,06 Remove lost,26/02/2026,26/02/2026,Approved,"Units A&B, 12 Poppy St Kingston qld 4114",N/A,$700+,,"L = $615,000
B = $503,800
T = $1,118,800","3 + 2
2 + 1
1 + 1",N/A,"$1,120 - $1,200",420,Torrens,August 2026 approx.,"TBC
TBC
TBC",cashback,"$20,000",,,,,699e95f767f5e7c716754650,01 Hl Comms - 06 Remove lost - $700+
01 Hl Comms,john.t,john.t,06 Remove Lost,17/03/2026,17/03/2026,Approved,"Lot 4, Waterside Estate Stage 2 Maroochydore QLD 4558",N/A,$700+,"test
test
test","L = $460,000
B = $503,000
T = $963,000","3 + 2
2 + 1
1 + 1",N/A,"$976 - $1,040",450,Strata,June 2026 approx.,"John Doe
johndoe@email.com
0000 000 000",cashback,"$20,000",,,,,69b69c641ec2d34b2ea1135b,01 Hl Comms - 06 Remove Lost - $700+
01 Hl Comms,john.t,john.t,06 Remove Lost,17/03/2026,17/03/2026,Approved,"Lot 2, Waterside Estate Stage 2 Maroochydore QLD 4558",N/A,$700+,"test
test
test","L = $480,000
B = $500,000
T = $980,000","4 + 2
2 + 1
1 + 1",N/A,"$970 - $1,040",450,Strata,June 2026 approx.,"John Doe
johndoe@email.com
0000 000 000",cashback,"$20,000",,,,,69b69c61c504d980c925e375,01 Hl Comms - 06 Remove Lost - $700+
01 Hl Comms,john.t,john.t,06 Remove Lost,17/03/2026,17/03/2026,Approved,"Lot 56, Waterside Estate Stage 2 Maroochydore QLD 4558",N/A,$700+,"test
test
test","L = $490,000
B = $507,000
T = $997,000","6 + 1
2 + 1
1 + 1",N/A,"$972 - $1,045",454,Strata,June 2026 approx.,"John Doe
johndoe@email.com
0000 000 000",cashback,"$20,000",,,,,69b68342c504d9075725b0f8,01 Hl Comms - 06 Remove Lost - $700+
01 Hl Comms,john.t,john.t,06 Remove Lost,17/03/2026,17/03/2026,Approved,"Lot 78, Waterside Estate Stage 2 Maroochydore QLD 4558",N/A,$700+,"test
test
test","L = $489,000
B = $489,000
T = $978,000","5
1
1",N/A,$780 - $820,390,Torrens,June 2026 approx.,"John Doe
johndoe@email.com
0000 000 000",cashback,"$20,000",,,,,69b69c69b555b042804d5830,01 Hl Comms - 06 Remove Lost - $700+
01 Hl Comms,john.t,john.t,06 Remove Lost,17/03/2026,17/03/2026,Approved,"Lot 56, Waterside Estate Stage 2 Maroochydore QLD 4558",N/A,$700+,"test
test
test","L = $490,000
B = $507,000
T = $997,000","6 + 1
2 + 1
1 + 1",N/A,"$972 - $1,045",454,Strata,June 2026 approx.,"John Doe
johndoe@email.com
0000 000 000",cashback,"$20,000",,,,,69b69c66c4308376c3d2efc5,01 Hl Comms - 06 Remove Lost - $700+
01 Hl Comms,john.t,john.t,06 Remove Lost,17/03/2026,17/03/2026,Approved,"Lot 56, Waterside Estate Stage 2 Maroochydore QLD 4558",N/A,$700+,"test
test
test","L = $490,000
B = $507,000
T = $997,000","6 + 1
2 + 1
1 + 1",N/A,"$972 - $1,045",454,Strata,June 2026 approx.,"John Doe
johndoe@email.com
0000 000 000",cashback,"$20,000",,,,,69b69d3a52dd7328d95ef9ee,01 Hl Comms - 06 Remove Lost - $700+
01 Hl Comms,john.t,john.t,06 Remove Lost,17/03/2026,17/03/2026,Approved,"Lot 78, Waterside Estate Stage 2 Maroochydore QLD 4558",N/A,$700+,"test
test
test","L = $489,000
B = $489,000
T = $978,000","5
1
1",N/A,$780 - $820,390,Torrens,June 2026 approx.,"John Doe
johndoe@email.com
0000 000 000",cashback,"$20,000",,,,,69b69d3d1ec2d396dba11622,01 Hl Comms - 06 Remove Lost - $700+
01 Hl Comms,john.t,john.t,06 Remove Lost,17/03/2026,17/03/2026,Approved,"Lot 56, Waterside Estate Stage 2 Maroochydore QLD 4558",N/A,$700+,"test
test
test","L = $490,000
B = $507,000
T = $997,000","6 + 1
2 + 1
1 + 1",N/A,"$972 - $1,045",454,Strata,June 2026 approx.,"John Doe
johndoe@email.com
0000 000 000",cashback,"$20,000",,,,,69b69d3a52dd7328d95ef9ee,01 Hl Comms - 06 Remove Lost - $700+
01 Hl Comms,john.t,john.t,06 Remove Lost,17/03/2026,17/03/2026,Approved,"Lot 4, Waterside Estate Stage 2 Maroochydore QLD 4558",N/A,$700+,"test
test
test","L = $460,000
B = $503,000
T = $963,000","3 + 2
2 + 1
1 + 1",N/A,"$976 - $1,040",450,Strata,June 2026 approx.,"John Doe
johndoe@email.com
0000 000 000",cashback,"$20,000",,,,,69b69d37ed181f47061f4fa6,01 Hl Comms - 06 Remove Lost - $700+
01 Hl Comms,john.t,john.t,06 Remove Lost,17/03/2026,17/03/2026,Approved,"Lot 2, Waterside Estate Stage 2 Maroochydore QLD 4558",N/A,$700+,"test
test
test","L = $480,000
B = $500,000
T = $980,000","4 + 2
2 + 1
1 + 1",N/A,"$970 - $1,040",450,Strata,June 2026 approx.,"John Doe
johndoe@email.com
0000 000 000",cashback,"$20,000",,,,,69b69d32189a8925d11a374e,01 Hl Comms - 06 Remove Lost - $700+
01 Hl Comms,john.t,john.t,06 Remove Lost,17/03/2026,17/03/2026,Approved,"Lot 2, Waterside Estate Stage 2 Maroochydore QLD 4558",N/A,$700+,"test
test
test","L = $480,000
B = $500,000
T = $980,000","4 + 2
2 + 1
1 + 1",N/A,"$970 - $1,040",450,Strata,June 2026 approx.,"John Doe
johndoe@email.com
0000 000 000",cashback,"$20,000",,,,,69b69d32189a8925d11a374e,01 Hl Comms - 06 Remove Lost - $700+
01 Hl Comms,john.t,john.t,06 Remove Lost,17/03/2026,17/03/2026,Approved,"Lot 4, Waterside Estate Stage 2 Maroochydore QLD 4558",N/A,$700+,"test
test
test","L = $460,000
B = $503,000
T = $963,000","3 + 2
2 + 1
1 + 1",N/A,"$976 - $1,040",450,Strata,June 2026 approx.,"John Doe
johndoe@email.com
0000 000 000",cashback,"$20,000",,,,,69b6833f52dd73d64a5ec1b1,01 Hl Comms - 06 Remove Lost - $700+
01 Hl Comms,john.t,john.t,06 Remove Lost,17/03/2026,17/03/2026,Approved,"Lot 2, Waterside Estate Stage 2 Maroochydore QLD 4558",N/A,$700+,"test
test
test","L = $480,000
B = $500,000
T = $980,000","4 + 2
2 + 1
1 + 1",N/A,"$970 - $1,040",450,Strata,June 2026 approx.,"John Doe
johndoe@email.com
0000 000 000",cashback,"$20,000",,,,,69b6833c103ebb7cc4412082,01 Hl Comms - 06 Remove Lost - $700+
01 Hl Comms,john.t,john.t,06 Remove Lost,17/03/2026,17/03/2026,Approved,"Lot 8, Lakeside Estate Maroochydore QLD 4558",N/A,$700+,"test
test
test","L = $480,000
B = $510,000
T = $990,000","4 + 1
3 + 1
1 + 1",N/A,$920 - $990,450,Strata,April 2026 approx.,"John Doe
johndoe@email.com
0000 000 000",cashback,"$20,000",,,,,69b65c3907bcaad2a4083755,01 Hl Comms - 06 Remove Lost - $700+
01 Hl Comms,john.t,john.t,06 Remove Lost,17/03/2026,17/03/2026,Approved,"Lot 6, Lakeside Estate Maroochydore QLD 4558",N/A,$700+,"test
test
test","L = $490,000
B = $530,000
T = $1,020,000","4 + 1
3 + 1
1 + 1",N/A,"$980 - $1,060",433,Strata,April 2026 approx.,"John Doe
johndoe@email.com
0000 000 000",cashback,"$20,000",,,,,69b65c35e5bf5f8aba77fdc5,01 Hl Comms - 06 Remove Lost - $700+
01 Hl Comms,john.t,john.t,06 Remove Lost,17/03/2026,17/03/2026,Approved,"Lot 4, Lakeside Estate Maroochydore QLD 4558",N/A,$700+,"test
test
test","L = $490,000
B = $540,000
T = $1,030,000","3 + 2
2 + 1
1 + 1",N/A,"$950 - $1,020",450,Strata,April 2026 approx.,"John Doe
johndoe@email.com
0000 000 000",cashback,"$20,000",,,,,69b65c32ce382aded39cbac4,01 Hl Comms - 06 Remove Lost - $700+
01 Hl Comms,john.t,john.t,06 Remove Lost,17/03/2026,17/03/2026,Approved,"Lot 3, Lakeside Estate Maroochydore QLD 4558",N/A,$700+,"test
test
test","L = $480,000
B = $560,000
T = $1,040,000","5
2
2",N/A,$930 - $950,399,Strata,April 2026 approx.,"John Doe
johndoe@email.com
0000 000 000",cashback,"$20,000",,,,,69b65c30103ebb4597403d6a,01 Hl Comms - 06 Remove Lost - $700+
01 Hl Comms,john.t,john.t,06 Remove Lost,17/03/2026,17/03/2026,Approved,"Lot 2, Lakeside Estate Maroochydore QLD 4558",N/A,$700+,"test
test
test","L = $450,000
B = $500,000
T = $950,000","5
2
2",N/A,$890 - $930,430,Strata,April 2026 approx.,"John Doe
johndoe@email.com
0000 000 000",cashback,"$20,000",,,,,69b65c2bf2f2019ab6b0d1a6,01 Hl Comms - 06 Remove Lost - $700+
01 Hl Comms,jessica.k,sachin.p,06 Remove lost,11/02/2026,11/02/2026,Approved,"Lot 1095, Units 1&2, Apron View Yanchep WA 6035",N/A,$700+,,"L = $336,000
B = $552,055
T = $888,055","2 + 2
1 + 1
1 + 1",N/A,$940 - $980,313,Green,December 2026 approx.,"TBC
TBC
TBC",cashback,"$20,000",,,,,698be4d6a0014f68c04cadfe,01 Hl Comms - 06 Remove lost - $700+
01 Hl Comms,jessica.k,sachin.p,06 Remove lost,12/02/2026,12/02/2026,,"Lot 1295, Units 1&2, Marillana Dr Golden Bay WA 6174",N/A,$700+,,"L = $403,000
B = $589,555
T = $992,555","4 + 2
2 + 1
1 + 1",N/A,"$1,160 - $1,200",375,Green,March 2026 approx.,"TBC
TBC
TBC",cashback,"$20,000",,,,,698c05fc557fd72f35edad9c,01 Hl Comms - 06 Remove lost - $700+
01 Hl Comms,jessica.k,will.e,06 Remove lost,12/02/2026,12/02/2026,Approved,"Lot 128, Units 1&2, Fairchild Dr Baldivis WA 6171",N/A,$700+,,"L = $375,000
B = $571,670
T = $946,670","3 + 2
2 + 1
1 + 1",N/A,"$1,100 - $1,180",375,Green,July 2026 approx.,"TBC
TBC
TBC",cashback,"$20,000",,,,,698c19deb7f6b38528483973,01 Hl Comms - 06 Remove lost - $700+
01 Hl Comms,aaditya.m,sachin.p,06 Remove lost,13/03/2026,13/03/2026,Approved,"Lot 35, Units 1,2, Ocean Rise Estate Urangan QLD 4655",N/A,$700+,,"L = $357,000
B = $620,000
T = $977,000","3 + 2
2 + 1
1 + 1",N/A,"$1,140 - $1,200",450,Torrens,June 2026 approx.,"TBC
TBC
TBC",cashback,"$20,000",,,,,69a4ea00cf1d026a79dfb205,01 Hl Comms - 06 Remove lost - $700+
01 Hl Comms,aaditya.m,sachin.p,06 Remove lost,13/03/2026,13/03/2026,,"Lot 28, Units 1,2, Ocean Rise Estate Urangan QLD 4655",N/A,$700+,,"L = $365,000
B = $610,000
T = $975,000","3 + 2
2 + 1
1 + 1",N/A,"$1,140 - $1,200",435,Torrens,June 2026 approx.,"TBC
TBC
TBC",cashback,"$20,000",,,,,69a4e33dd9022fa5442763bc,01 Hl Comms - 06 Remove lost - $700+
01 Hl Comms,john.t,jessica.k,06 Remove Lost,17/03/2026,17/03/2026,Approved,"Lot 333, 20 Osborne Cct Maroochydore QLD 4558",N/A,$700+,,"L = $450,000
B = $467,000
T = $917,000","3
2
1",N/A,$600 - $660,299,Torrens,March 2026 approx.,"TBC
TBC
TBC",cashback,"$20,000",,,,,69b4b17b0b298b1d4976fa55,01 Hl Comms - 06 Remove Lost - $700+
01 Hl Comms,john.t,jessica.k,06 Remove Lost,17/03/2026,17/03/2026,Approved,"Lot 24, Lakeside Vista Maroochydore QLD 4558",N/A,$700+,,"L = $450,000
B = $490,000
T = $940,000","4 + 1
2 + 1
1 + 1",N/A,"$940 - $1,020",420,Strata,June 2026 approx.,"TBC
TBC
TBC",cashback,"$20,000",,,,,69b6dd28ed181fd2691fd1d7,01 Hl Comms - 06 Remove Lost - $700+
01 Hl Comms,john.t,jessica.k,06 Remove Lost,17/03/2026,17/03/2026,Approved,"Lot 22, Lakeside Vista Maroochydore QLD 4558",N/A,$700+,,"L = $450,000
B = $500,000
T = $950,000","5
2
2",N/A,$890 - $920,390,Strata,April 2026 approx.,"TBC
TBC
TBC",cashback,"$20,000",,,,,69b6dd2596ebe246b6db212c,01 Hl Comms - 06 Remove Lost - $700+
01 Hl Comms,john.t,jessica.k,06 Remove Lost,17/03/2026,17/03/2026,Approved,"Lot 129, Units 1,2, 15 Barker St Lewisham NSW 2049",N/A,$700+,,"L = $480,000
B = $540,000
T = $1,020,000","4 + 2
2 + 1
1 + 1",N/A,"$990 - $1,050",405,Torrens,April 2026 approx.,"TBC
TBC
TBC",cashback,"$20,000",,,,,69b6fce3ed181f3e89201206,01 Hl Comms - 06 Remove Lost - $700+
01 Hl Comms,john.t,james.m,06 Remove Lost,17/03/2026,17/03/2026,Approved,"Lot 44, Lakeside Stage 2 Maroochydore QLD 4558",N/A,$700+,,"L = $410,000
B = $444,000
T = $854,000","5
2
2",N/A,$560 - $700,440,Torrens,March 2026 approx.,"TBC
TBC
TBC",cashback,"$20,000",,,,,69b705dce16a5572c311d402,01 Hl Comms - 06 Remove Lost - $700+
01 Hl Comms,john.t,james.m,06 Remove Lost,17/03/2026,17/03/2026,Approved,"Lot 41, Lakeside Stage 2 Maroochydore QLD 4558",N/A,$700+,,"L = $490,000
B = $435,000
T = $925,000","4 + 2
2 + 2
1 + 1",N/A,"$1,020 - $1,080",450,Torrens,May 2026 approx.,"TBC
TBC
TBC",cashback,"$20,000",,,,,69b705d981b52512cd30f96b,01 Hl Comms - 06 Remove Lost - $700+
01 Hl Comms,john.t,james.m,06 Remove Lost,17/03/2026,17/03/2026,Approved,"Lot 39, Lakeside Stage 2 Maroochydore QLD 4558",N/A,$700+,,"L = $490,000
B = $435,000
T = $925,000","4 + 2
2 + 2
1 + 1",N/A,"$1,020 - $1,080",450,Torrens,May 2026 approx.,"TBC
TBC
TBC",cashback,"$20,000",,,,,69b705d6ce382aa6539ea9b7,01 Hl Comms - 06 Remove Lost - $700+
01 Hl Comms,john.t,jessica.k,06 Remove Lost,17/03/2026,17/03/2026,Approved,"Lot 26, Lakeside Vista Maroochydore QLD 4558",N/A,$700+,,"L = $500,000
B = $550,000
T = $1,050,000","3 + 2
1 + 1
1 + 1",N/A,$900 - $980,430,Strata,May 2026 approx.,"TBC
TBC
TBC",cashback,"$20,000",,,,,69b6dd2d96ebe22b23db212d,01 Hl Comms - 06 Remove Lost - $700+
01 Hl Comms,john.t,james.m,06 Remove Lost,17/03/2026,17/03/2026,Approved,"Lot 34, Lakeside Stage 2 Maroochydore QLD 4558",N/A,$700+,,"L = $390,000
B = $450,000
T = $840,000","5
2
2",N/A,$789 - $900,450,Torrens,April 2026 approx.,"TBC
TBC
TBC",cashback,"$20,000",,,,,69b705d3103ebbcc00422914,01 Hl Comms - 06 Remove Lost - $700+
01 Hl Comms,aaditya.m,sachin.p,06 Remove lost,25/02/2026,25/02/2026,Approved,"Lot 44, Units A-B, Proxima Estate Furnissdale WA 6209",N/A,$700+,Investar stats seem a bit off - 3month vs 12month growth,"L = $390,000
B = $609,990
T = $999,990","4 + 2
2 + 1
2 + 0",N/A,"$1,035 - $1,120",450,Green,Registered,"TBC
TBC
TBC",cashback,"$20,000",,,,,699d37c53c80410d6b4785c4,01 Hl Comms - 06 Remove lost - $700+
01 Hl Comms,jessica.k,ali.h,06 Remove lost,26/02/2026,26/02/2026,Approved,"Lot 161, Units 1 & 2, Summer Dr, Wondunna QLD 4655",N/A,$700+,,"L = $430,000
B = $520,165
T = $950,165","3 + 2
2 + 1
1 + 1",N/A,"$1,150 - $1,220",648,Torrens,Registered,"Allegra
TBC
TBC",cashback,"$20,000",,,,,699fcd3e011bcd5c52e37d1e,01 Hl Comms - 06 Remove lost - $700+
01 Hl Comms,aaditya.m,sachin.p,06 Remove lost,17/03/2026,17/03/2026,Approved,"Lot 847, Seabound Cresent Two Rocks WA 6037",N/A,$700+,No 5 bed comps,"L = $312,000
B = $464,990
T = $776,990","5
2
2",N/A,$650 - $680,313,Green,May 2026 approx.,"TBC
TBC
TBC",cashback,"$20,000",,,,,69aa71264710623160c23f61,01 Hl Comms - 06 Remove lost - $700+
01 Hl Comms,aaditya.m,sachin.p,06 Remove lost,27/03/2026,27/03/2026,Approved,"Lot 630, Units A,B, Snapper Rd Eglinton WA 6034",N/A,$700+,,"L = $460,000
B = $644,500
T = $1,104,500","4 + 2
2 + 1
1 + 1",N/A,"$1,180 - $1,260",375,Green,July 2027 approx.,"TBC
TBC
TBC",cashback,"$20,000",,,,,69c47033419a2023c0b9a2fb,01 Hl Comms - 06 Remove lost - $700+
01 Hl Comms,aaditya.m,sachin.p,06 Remove lost,19/03/2026,19/03/2026,,LOT 405 TIDMARSH STREET Angle Vale SA 5117,N/A,$700+,,"L = $363,000
B = $394,950
T = $757,950","4
2
1",N/A,$620 - $650,300,Torrens,March 2026 approx.,"TBC
TBC
TBC",cashback,"$20,000",,,,,69bb8e55f891ce3cac6d0922,01 Hl Comms - 06 Remove lost - $700+
01 Hl Comms,john.t,john.t,06 Remove lost,18/04/2026,18/04/2026,Approved,"Lot 234, Units A,B, 51 Mackenzie Dr Maroochydore QLD 4558",N/A,$700+,test,"L = $390,000
B = $450,000
T = $840,000","2 + 2
2 + 1
1 + 1",N/A,$880 - $970,456,Torrens,August 2026 approx.,"TBC
TBC
TBC",cashback,"$20,000",,,,,69e2c7182c3ba7ac584c31fd,01 Hl Comms - 06 Remove lost - $700+
01 Hl Comms,john.t,john.t,06 Remove lost,18/04/2026,18/04/2026,Approved,"Lot 234, Units A,B, 61 Mackenzie Dr Maroochydore QLD 4558",N/A,$700+,TEST RECORD,"L = $450,000
B = $510,000
T = $960,000","4 + 4
2 + 2
1 + 1",N/A,"$1,000 - $1,080",423,Torrens,May 2026 approx.,"TBC
TBC
TBC",cashback,"$20,000",,,,,69e2d945d4f18d7e206adbaf,01 Hl Comms - 06 Remove lost - $700+
01 Hl Comms,john.t,john.t,06 Remove lost,19/04/2026,19/04/2026,Approved,"Lot 333, 8 Osborne Cct Maroochydore QLD 4558",N/A,$700+,TEST RECORD,"L = $390,000
B = $479,000
T = $869,000","4
2
2",N/A,$780 - $820,378,Torrens,August 2026 approx.,"TBC
TBC
TBC",cashback,"$20,000",,,,,69e492c5ce29b18e325f4a11,01 Hl Comms - 06 Remove lost - $700+
01 Hl Comms,aaditya.m,sachin.p,06 Remove lost,8/04/2026,8/04/2026,Approved,"Lot 155, Units A,B, Jannik Tce Pialba QLD 4655",N/A,$700+,,"L = $625,000
B = $874,000
T = $1,499,000","4 + 3
2 + 2
1 + 1",N/A,"$1,270 - $1,370",819,Green,April 2026 approx.,"TBC
TBC
TBC",cashback,"$20,000",,,,,69d5bb015163741662a50566,01 Hl Comms - 06 Remove lost - $700+
02 Single Comms,james.m,will.e,01 Available,14/05/2026,14/05/2026,Approved,"Lot 74, 120 Saltwater Prom Point Cook VIC 3030",N/A,$500-700k,,"$569,900","2
2
1",N/A,$490 - $530,TBC,Strata,TBC,"VestBuild
TBC
TBC",cashback,"$20,000",,,,,6a05635254f1a87d4a538a6e,02 Single Comms - 01 Available - $500-700k
02 Single Comms,jessica.k,will.e,01 Available,14/05/2026,14/05/2026,Approved,"Lot 171, Pilly Dr, Burrum Heads QLD 4659",N/A,$700+,,"$880,000","4
2
2",N/A,$600 - $650,795,Torrens,TBC,"TBC
TBC
TBC",cashback,"$20,000",,,,,6a05344100da13000a9df2d5,02 Single Comms - 01 Available - $700+
02 Single Comms,jessica.k,ali.h,01 Available,20/05/2026,20/05/2026,,"Lot 110, Units 1,2, Mahogany Drive LOGAN RESERVE QLD 4133",N/A,$700+,,"$1,249,900","3 + 3
2.5 + 1
1 + 1",N/A,"$1,200 - $1,300",582,Torrens,Registered,"TBC
TBC
TBC",cashback,"$20,000",,,,,6a0d5e560ea4620be733473f,02 Single Comms - 01 Available - $700+
02 Single Comms,brandon.l,brandon.l,02 EOI,19/03/2026,19/03/2026,Approved,"Lot 102, 102 Wanke Rd Mannum SA 5238",N/A,$500-700k,keep in mind growth for 3 and 5 year was not available.,"$619,900","3
2
1",N/A,$450 - $500,312.92,Owners Corp/Community,Registered,"Buyers Club
ali hallak
+61 4 10 386 822",cashback,"$20,000",,,,,69bba021e9344d51cee6254a,02 Single Comms - 02 EOI - $500-700k
02 Single Comms,aaditya.m,ali.h,02 EOI,25/02/2026,25/02/2026,,"Unit 3, 60 Yellowstone Cct Yarrabilba QLD 4207",N/A,$700+,1st year building insurance included in price,"$789,667","3
2
1",N/A,$560 - $600,248,Strata,Registered,"TBC
TBC
TBC",cashback,"$20,000",,,,,699e909969c27e4e0641fd7e,02 Single Comms - 02 EOI - $700+
02 Single Comms,aaditya.m,will.e,03 Contr' Exchanged,24/03/2026,24/03/2026,,"Lot 103, Wanke Rd Mannum SA 5238",N/A,$500-700k,,"$619,900","3
2
1",N/A,$450 - $500,312,Owners Corp/Community,Registered,"TBC
TBC
TBC",cashback,"$20,000",,,,,69c1f625cbcf8c3e1e6d9b3b,02 Single Comms - 03 Contr' Exchanged - $500-700k
02 Single Comms,jessica.k,jessica.k,05 Remove no interest,2/04/2026,2/04/2026,,"Unit 1, 35 Gibson St Boorooma NSW 2650",N/A,$700+,"Please note that construction is due to complete in 12 weeks. 
Due to the newer suburb, there are no comps in the CMA","$778,000","4
2
1",N/A,$600 - $650,344,Owners Corp/Community,July 2026 approx.,"Paul
TBC
TBC",cashback,"$20,000",,,,,69cde7ec797da46e63f2fb95,02 Single Comms - 05 Remove no interest - $700+
02 Single Comms,john.t,jessica.k,05 Remove No Interest,17/03/2026,17/03/2026,Approved,"Lot 123, Ocean Vista Estate Maroochydore QLD 4558",N/A,$700+,,"$890,000","5
2.5
2",N/A,$830 - $860,398,Torrens,March 2026 approx.,"TBC
TBC
TBC",cashback,"$20,000",,,,,69b4fd3952dd73ce3456172c,02 Single Comms - 05 Remove No Interest - $700+
02 Single Comms,aaditya.m,will.e,06 Remove lost,17/03/2026,17/03/2026,Approved,Carinya Development - Dwelling 13 Boyd St Kilmore VIC 3764,N/A,$300-500k,"Still awaiting exact strata fees, the current numbers are conservative and are likely to be cheaper. They will most likely include building insurance as well.","$499,900","2
2
0",N/A,$400 - $445,TBC,Strata,TBC,"TBC
TBC
TBC",cashback,"$20,000",,,,,69ae1aa3245fadee0f74fb12,02 Single Comms - 06 Remove lost - $300-500k
02 Single Comms,aaditya.m,will.e,06 Remove lost,31/03/2026,31/03/2026,Approved,"Lot 104, Wanke Rd Mannum SA 5238",N/A,$500-700k,,"$619,900","3
2
1",N/A,$450 - $500,312,Owners Corp/Community,Registered,"TBC
TBC
TBC",cashback,"$20,000",,,,,69c1f87fcd53982aab638754,02 Single Comms - 06 Remove lost - $500-700k
02 Single Comms,jessica.k,will.e,06 Remove lost,25/02/2026,25/02/2026,Approved,"Lot 11, Boyd St Kilmore VIC 3764",N/A,$500-700k,Works commence March 2026 - Completion approx Oct 2026,"$679,900","4
2
1",N/A,$520 - $550,472,Individual,Registered,"TBC
TBC
TBC",cashback,"$20,000",,,,,699d121b0f9dd11845dfdede,02 Single Comms - 06 Remove lost - $500-700k
02 Single Comms,aaditya.m,will.e,06 Remove lost,28/04/2026,28/04/2026,Approved,"Lot 217, Haloumi Rd Donnybrook VIC 3064",N/A,$500-700k,,"$657,900","3
2
2",N/A,$470 - $510,256,Individual,Registered,"TBC
TBC
TBC",cashback,"$20,000",,,,,69e832fe0cf50f499a097a82,02 Single Comms - 06 Remove lost - $500-700k
02 Single Comms,james.m,will.e,06 Remove lost,28/04/2026,28/04/2026,Approved,"Lot 732, Northbrook Rd Woodstock VIC 3751",N/A,$500-700k,,"$640,000","3
2
2",N/A,$460 - $500,263,Individual,November 2026 approx.,"TBC
TBC
TBC",cashback,"$20,000",,,,,69e0707fb44eb2c00dca892f,02 Single Comms - 06 Remove lost - $500-700k
02 Single Comms,james.m,will.e,06 Remove lost,28/04/2026,28/04/2026,Approved,"Lot 732, Northbrook Rd Woodstock VIC 3751",N/A,$500-700k,,"$640,000","3
2
2",N/A,$460 - $500,263,Individual,November 2026 approx.,"TBC
TBC
TBC",cashback,"$20,000",,,,,69e0707fb44eb2c00dca892f,02 Single Comms - 06 Remove lost - $500-700k
02 Single Comms,john.t,jessica.k,06 Remove Lost,17/03/2026,17/03/2026,Approved,"Lot 123, Ocean Vista Estate Maroochydore QLD 4558",N/A,$700+,,"$890,000","5
2.5
2",N/A,$830 - $860,398,Torrens,March 2026 approx.,"TBC
TBC
TBC",cashback,"$20,000",,,,,69b4d988c504d9a6c81c600c,02 Single Comms - 06 Remove Lost - $700+
02 Single Comms,john.t,jessica.k,06 Remove Lost,17/03/2026,17/03/2026,Approved,"Lot 125, Ocean Vista Estate Maroochydore QLD 4558",N/A,$700+,,"$976,000","4 + 1
2.5 + 1.5
2 + 1",N/A,"$950 - $1,010",490,Torrens,April 2026 approx.,"TBC
TBC
TBC",cashback,"$20,000",,,,,69b4d5d396ebe23028d10986,02 Single Comms - 06 Remove Lost - $700+
02 Single Comms,john.t,jessica.k,06 Remove Lost,17/03/2026,17/03/2026,Approved,"Lot 125, Ocean Vista Estate Maroochydore QLD 4558",N/A,$700+,,"$976,000","4 + 1
2.5 + 1.5
2 + 1",N/A,"$950 - $1,010",490,Torrens,April 2026 approx.,"TBC
TBC
TBC",cashback,"$20,000",,,,,69b4f8e05c2d8bcfe5a5d204,02 Single Comms - 06 Remove Lost - $700+
02 Single Comms,john.t,jessica.k,06 Remove Lost,17/03/2026,17/03/2026,Approved,"Lot 123, Ocean Vista Estate Maroochydore QLD 4558",N/A,$700+,,"$890,000","5
2.5
2",N/A,$830 - $860,398,Torrens,March 2026 approx.,"TBC
TBC
TBC",cashback,"$20,000",,,,,69b4f8ddc95f1a4c614d8f93,02 Single Comms - 06 Remove Lost - $700+
02 Single Comms,john.t,jessica.k,06 Remove Lost,17/03/2026,17/03/2026,Approved,"Lot 127, Ocean Vista Estate Maroochydore QLD 4558",N/A,$700+,,"$920,000","3 + 2
2 + 2
1 + 1",N/A,"$960 - $1,000",340,Torrens,March 2026 approx.,"TBC
TBC
TBC",cashback,"$20,000",,,,,69b4f7f3ed181f71c616764a,02 Single Comms - 06 Remove Lost - $700+
02 Single Comms,john.t,jessica.k,06 Remove Lost,17/03/2026,17/03/2026,Approved,"Lot 125, Ocean Vista Estate Maroochydore QLD 4558",N/A,$700+,,"$976,000","4 + 1
2.5 + 1.5
2 + 1",N/A,"$950 - $1,010",490,Torrens,April 2026 approx.,"TBC
TBC
TBC",cashback,"$20,000",,,,,69b4f7f0e96c297f8158c4ff,02 Single Comms - 06 Remove Lost - $700+
02 Single Comms,john.t,jessica.k,06 Remove Lost,17/03/2026,17/03/2026,Approved,"Lot 123, Ocean Vista Estate Maroochydore QLD 4558",N/A,$700+,,"$890,000","5
2.5
2",N/A,$830 - $860,398,Torrens,March 2026 approx.,"TBC
TBC
TBC",cashback,"$20,000",,,,,69b4f7ec57959123a8b23d92,02 Single Comms - 06 Remove Lost - $700+
02 Single Comms,john.t,jessica.k,06 Remove Lost,17/03/2026,17/03/2026,Approved,"Lot 123, Ocean Vista Estate Maroochydore QLD 4558",N/A,$700+,,"$890,000","5
2.5
2",N/A,$830 - $860,398,Torrens,March 2026 approx.,"TBC
TBC
TBC",cashback,"$20,000",,,,,69b4dd61715df382a6749f54,02 Single Comms - 06 Remove Lost - $700+
02 Single Comms,john.t,jessica.k,06 Remove Lost,17/03/2026,17/03/2026,Approved,"Lot 125, Ocean Vista Estate Maroochydore QLD 4558",N/A,$700+,,"$976,000","4 + 1
2.5 + 1.5
2 + 1",N/A,"$950 - $1,010",490,Torrens,April 2026 approx.,"TBC
TBC
TBC",cashback,"$20,000",,,,,69b4dd644d06d00bc006aed1,02 Single Comms - 06 Remove Lost - $700+
02 Single Comms,john.t,jessica.k,06 Remove Lost,17/03/2026,17/03/2026,Approved,"Lot 123, Ocean Vista Estate Maroochydore QLD 4558",N/A,$700+,,"$890,000","5
2.5
2",N/A,$830 - $860,398,Torrens,March 2026 approx.,"TBC
TBC
TBC",cashback,"$20,000",,,,,69b4dd61715df382a6749f54,02 Single Comms - 06 Remove Lost - $700+
02 Single Comms,john.t,jessica.k,06 Remove Lost,17/03/2026,17/03/2026,Approved,"Lot 127, Ocean Vista Estate Maroochydore QLD 4558",N/A,$700+,,"$920,000","3 + 2
2 + 2
1 + 1",N/A,"$960 - $1,000",340,Torrens,March 2026 approx.,"TBC
TBC
TBC",cashback,"$20,000",,,,,69b4d98e5ffe771aec47e475,02 Single Comms - 06 Remove Lost - $700+
02 Single Comms,john.t,jessica.k,06 Remove Lost,17/03/2026,17/03/2026,Approved,"Lot 125, Ocean Vista Estate Maroochydore QLD 4558",N/A,$700+,,"$976,000","4 + 1
2.5 + 1.5
2 + 1",N/A,"$950 - $1,010",490,Torrens,April 2026 approx.,"TBC
TBC
TBC",cashback,"$20,000",,,,,69b4d98bee5ca597ed1259cc,02 Single Comms - 06 Remove Lost - $700+
02 Single Comms,john.t,jessica.k,06 Remove Lost,17/03/2026,17/03/2026,Approved,"Lot 127, Ocean Vista Estate Maroochydore QLD 4558",N/A,$700+,,"$920,000","3 + 2
2 + 2
1 + 1",N/A,"$960 - $1,000",340,Torrens,March 2026 approx.,"TBC
TBC
TBC",cashback,"$20,000",,,,,69b4cf6bc45634202acc55aa,02 Single Comms - 06 Remove Lost - $700+
02 Single Comms,john.t,jessica.k,06 Remove Lost,17/03/2026,17/03/2026,Approved,"Lot 123, Ocean Vista Estate Maroochydore QLD 4558",N/A,$700+,,"$890,000","5
2.5
2",N/A,$830 - $860,398,Torrens,March 2026 approx.,"TBC
TBC
TBC",cashback,"$20,000",,,,,69b4cf655ffe77ee3647b3fe,02 Single Comms - 06 Remove Lost - $700+
02 Single Comms,john.t,jessica.k,06 Remove Lost,17/03/2026,17/03/2026,Approved,"Lot 127, Ocean Vista Estate Maroochydore QLD 4558",N/A,$700+,,"$920,000","3 + 2
2 + 2
1 + 1",N/A,"$960 - $1,000",340,Torrens,March 2026 approx.,"TBC
TBC
TBC",cashback,"$20,000",,,,,69b4af6a1bfc7419e56159e7,02 Single Comms - 06 Remove Lost - $700+
02 Single Comms,john.t,jessica.k,06 Remove Lost,17/03/2026,17/03/2026,Approved,"Lot 125, Ocean Vista Estate Maroochydore QLD 4558",N/A,$700+,,"$976,000","4 + 1
2.5 + 1.5
2 + 1",N/A,"$950 - $1,010",490,Torrens,April 2026 approx.,"TBC
TBC
TBC",cashback,"$20,000",,,,,69b4af67db5410034528a89d,02 Single Comms - 06 Remove Lost - $700+
02 Single Comms,john.t,jessica.k,06 Remove Lost,17/03/2026,17/03/2026,Approved,"Lot 123, Ocean Vista Estate Maroochydore QLD 4558",N/A,$700+,,"$890,000","5
2.5
2",N/A,$830 - $860,398,Torrens,March 2026 approx.,"TBC
TBC
TBC",cashback,"$20,000",,,,,69b4af63c9a6d5f830cb38ff,02 Single Comms - 06 Remove Lost - $700+
02 Single Comms,john.t,jessica.k,06 Remove Lost,17/03/2026,17/03/2026,Approved,"Lot 123, Ocean Vista Estate Maroochydore QLD 4558",N/A,$700+,,"$890,000","5
2.5
2",N/A,$830 - $860,398,Torrens,March 2026 approx.,"TBC
TBC
TBC",cashback,"$20,000",,,,,69b506a807bcaaacce011b52,02 Single Comms - 06 Remove Lost - $700+
02 Single Comms,john.t,jessica.k,06 Remove Lost,17/03/2026,17/03/2026,Approved,"Lot 123, Ocean Vista Estate Maroochydore QLD 4558",N/A,$700+,,"$890,000","5
2.5
2",N/A,$830 - $860,398,Torrens,March 2026 approx.,"TBC
TBC
TBC",cashback,"$20,000",,,,,69b506500b298bfad178add9,02 Single Comms - 06 Remove Lost - $700+
02 Single Comms,john.t,jessica.k,06 Remove Lost,17/03/2026,17/03/2026,Approved,"Lot 127, Ocean Vista Estate Maroochydore QLD 4558",N/A,$700+,,"$920,000","3 + 2
2 + 2
1 + 1",N/A,"$960 - $1,000",340,Torrens,March 2026 approx.,"TBC
TBC
TBC",cashback,"$20,000",,,,,69b4ff3a5c2d8be87aa5e8bb,02 Single Comms - 06 Remove Lost - $700+
02 Single Comms,john.t,jessica.k,06 Remove Lost,17/03/2026,17/03/2026,Approved,"Lot 125, Ocean Vista Estate Maroochydore QLD 4558",N/A,$700+,,"$976,000","4 + 1
2.5 + 1.5
2 + 1",N/A,"$950 - $1,010",490,Torrens,April 2026 approx.,"TBC
TBC
TBC",cashback,"$20,000",,,,,69b4ff36716b1f1631ba6f0c,02 Single Comms - 06 Remove Lost - $700+
02 Single Comms,john.t,jessica.k,06 Remove Lost,17/03/2026,17/03/2026,Approved,"Lot 123, Ocean Vista Estate Maroochydore QLD 4558",N/A,$700+,,"$890,000","5
2.5
2",N/A,$830 - $860,398,Torrens,March 2026 approx.,"TBC
TBC
TBC",cashback,"$20,000",,,,,69b4ff322cd902ce54eb5d1c,02 Single Comms - 06 Remove Lost - $700+
02 Single Comms,john.t,jessica.k,06 Remove Lost,17/03/2026,17/03/2026,Approved,"Lot 127, Ocean Vista Estate Maroochydore QLD 4558",N/A,$700+,,"$920,000","3 + 2
2 + 2
1 + 1",N/A,"$960 - $1,000",340,Torrens,March 2026 approx.,"TBC
TBC
TBC",cashback,"$20,000",,,,,69b4fd3f2cd902d228eb5640,02 Single Comms - 06 Remove Lost - $700+
02 Single Comms,john.t,jessica.k,06 Remove Lost,17/03/2026,17/03/2026,Approved,"Lot 123, Ocean Vista Estate Maroochydore QLD 4558",N/A,$700+,,"$890,000","5
2.5
2",N/A,$830 - $860,398,Torrens,March 2026 approx.,"TBC
TBC
TBC",cashback,"$20,000",,,,,69b509a5ed181f82b016b1d0,02 Single Comms - 06 Remove Lost - $700+
02 Single Comms,john.t,jessica.k,06 Remove Lost,17/03/2026,17/03/2026,Approved,"Lot 127, Ocean Vista Estate Maroochydore QLD 4558",N/A,$700+,,"$920,000","3 + 2
2 + 2
1 + 1",N/A,"$960 - $1,000",340,Torrens,March 2026 approx.,"TBC
TBC
TBC",cashback,"$20,000",,,,,69b509ab715df3d785755a42,02 Single Comms - 06 Remove Lost - $700+
02 Single Comms,john.t,jessica.k,06 Remove Lost,17/03/2026,17/03/2026,Approved,"Lot 125, Ocean Vista Estate Maroochydore QLD 4558",N/A,$700+,,"$976,000","4 + 1
2.5 + 1.5
2 + 1",N/A,"$950 - $1,010",490,Torrens,April 2026 approx.,"TBC
TBC
TBC",cashback,"$20,000",,,,,69b509a807bcaa2aad0126c2,02 Single Comms - 06 Remove Lost - $700+
02 Single Comms,john.t,jessica.k,06 Remove Lost,17/03/2026,17/03/2026,Approved,"Lot 123, Ocean Vista Estate Maroochydore QLD 4558",N/A,$700+,,"$890,000","5
2.5
2",N/A,$830 - $860,398,Torrens,March 2026 approx.,"TBC
TBC
TBC",cashback,"$20,000",,,,,69b509a5ed181f82b016b1d0,02 Single Comms - 06 Remove Lost - $700+
02 Single Comms,john.t,jessica.k,06 Remove Lost,17/03/2026,17/03/2026,Approved,"Lot 123, Ocean Vista Estate Maroochydore QLD 4558",N/A,$700+,,"$890,000","5
2.5
2",N/A,$830 - $860,398,Torrens,March 2026 approx.,"TBC
TBC
TBC",cashback,"$20,000",,,,,69b4d5d19f25ba152f82ba42,02 Single Comms - 06 Remove Lost - $700+
02 Single Comms,john.t,jessica.k,06 Remove Lost,17/03/2026,17/03/2026,Approved,"Lot 127, Ocean Vista Estate Maroochydore QLD 4558",N/A,$700+,,"$920,000","3 + 2
2 + 2
1 + 1",N/A,"$960 - $1,000",340,Torrens,March 2026 approx.,"TBC
TBC
TBC",cashback,"$20,000",,,,,69b4f8e35795913239b24002,02 Single Comms - 06 Remove Lost - $700+
02 Single Comms,john.t,jessica.k,06 Remove Lost,17/03/2026,17/03/2026,Approved,"Lot 125, Ocean Vista Estate Maroochydore QLD 4558",N/A,$700+,,"$976,000","4 + 1
2.5 + 1.5
2 + 1",N/A,"$950 - $1,010",490,Torrens,April 2026 approx.,"TBC
TBC
TBC",cashback,"$20,000",,,,,69b4cf675ffe77f58047b405,02 Single Comms - 06 Remove Lost - $700+
02 Single Comms,john.t,jessica.k,06 Remove Lost,17/03/2026,17/03/2026,Approved,"Lot 125, Ocean Vista Estate Maroochydore QLD 4558",N/A,$700+,,"$976,000","4 + 1
2.5 + 1.5
2 + 1",N/A,"$950 - $1,010",490,Torrens,April 2026 approx.,"TBC
TBC
TBC",cashback,"$20,000",,,,,69b4fd3c715df3561e752f2a,02 Single Comms - 06 Remove Lost - $700+
02 Single Comms,john.t,jessica.k,06 Remove Lost,17/03/2026,17/03/2026,Approved,"Lot 154, Sunshine Cove Estate Maroochydore QLD 4558",N/A,$700+,,"$880,000","5
2.5
2",N/A,$820 - $860,401,Torrens,April 2026 approx.,"TBC
TBC
TBC",cashback,"$20,000",,,,,69b6f844c430833e72d3ab19,02 Single Comms - 06 Remove Lost - $700+
02 Single Comms,john.t,jessica.k,06 Remove Lost,17/03/2026,17/03/2026,Approved,"Lot 101, Sunshine Cove Estate Maroochydore QLD 4558",N/A,$700+,,"$890,000","6
3
2",N/A,$810 - $850,345,Torrens,May 2026 approx.,"TBC
TBC
TBC",cashback,"$20,000",,,,,69b6f83d103ebb8abc421000,02 Single Comms - 06 Remove Lost - $700+
02 Single Comms,john.t,jessica.k,06 Remove Lost,17/03/2026,17/03/2026,Approved,"Lot 127, Ocean Vista Estate Maroochydore QLD 4558",N/A,$700+,,"$920,000","3 + 2
2 + 2
1 + 1",N/A,"$960 - $1,000",340,Torrens,March 2026 approx.,"TBC
TBC
TBC",cashback,"$20,000",,,,,69b4dd67a95c91498d447292,02 Single Comms - 06 Remove Lost - $700+
02 Single Comms,john.t,jessica.k,06 Remove Lost,17/03/2026,17/03/2026,Approved,"Lot 130, Sunshine Cove Estate Maroochydore QLD 4558",N/A,$700+,,"$970,000","4 + 2
2 + 1
1 + 1",N/A,"$940 - $1,010",415,Torrens,June 2026 approx.,"TBC
TBC
TBC",cashback,"$20,000",,,,,69b6f84144a17bab9b2fe555,02 Single Comms - 06 Remove Lost - $700+
02 Single Comms,john.t,john.t,06 Remove lost,17/03/2026,17/03/2026,Approved,"Lot 3, Test Estate Maroochydore QLD 4558",N/A,$700+,,"$809,000","5
2
1",N/A,$760 - $790,400,Torrens,April 2026 approx.,"TBC
TBC
TBC",cashback,"$20,000",,,,,69b9157590257464ba14ffce,02 Single Comms - 06 Remove lost - $700+
02 Single Comms,john.t,john.t,06 Remove lost,17/03/2026,17/03/2026,Approved,"Lot 2, Test Estate Maroochydore QLD 4558",N/A,$700+,,"$809,000","5
2
1",N/A,$760 - $790,400,Torrens,April 2026 approx.,"TBC
TBC
TBC",cashback,"$20,000",,,,,69b915712bc20b82b31e2313,02 Single Comms - 06 Remove lost - $700+
02 Single Comms,john.t,john.t,06 Remove lost,17/03/2026,17/03/2026,Approved,"Lot 1, Test Estate Maroochydore QLD 4558",N/A,$700+,,"$809,000","5
2
1",N/A,$760 - $790,400,Torrens,April 2026 approx.,"TBC
TBC
TBC",cashback,"$20,000",,,,,69b9156e2bc20b3f251e230c,02 Single Comms - 06 Remove lost - $700+
02 Single Comms,james.m,ali.h,06 Remove lost,25/02/2026,25/02/2026,Approved,"Lot 91, Units A,B, SIENNA Pl, Redbank Plains Redbank Plains QLD 4301",N/A,$700+,,"$1,095,000","3 + 1
1.5 + 1.5
1 + 1",N/A,"$1,080 - $1,040",335,Torrens,TBC,"Shane Murphy
shane@propmarket.com.au
+61 4 12 696 742",cashback,"$20,000",,,,,699e91c2e4a90045ef56b3bd,02 Single Comms - 06 Remove lost - $700+
02 Single Comms,aaditya.m,will.e,06 Remove lost,17/03/2026,17/03/2026,Approved,"Lot 30, 40 Mcharry Cct Corio VIC 3214",N/A,$700+,"No floorplan attached yet.
46% social housing","$719,900","4
2
1",N/A,$530 - $580,254,Individual,Registered,"TBC
TBC
TBC",cashback,"$20,000",,,,,69b36936ee5ca5a9ff0a28ec,02 Single Comms - 06 Remove lost - $700+
02 Single Comms,brandon.l,brandon.l,06 Remove lost,16/04/2026,16/04/2026,Approved,"Lot 218, Arbourwood Estate, Morayfield, QLD, 4506",N/A,$700+,,"$819,484","3
2
1",N/A,$580 - $620,248,Torrens,June 2026 approx.,"ALC Projects
orders@alcprojects.com.au
TBC",cashback,"$20,000",,,,,69e052ce6ae29738cf0b2291,02 Single Comms - 06 Remove lost - $700+
03 Internal With Comms,jessica.k,jessica.k,01 Available,31/03/2026,31/03/2026,Approved,46 Weigall Av Murray Bridge SA 5253,"offmarket - From $500,000",$500-700k,Please note there is 15.4% Social Housing,"$490,000 – $500,000","3
1
0",$440,$450 - $470,474,Torrens,1955,"Will
TBC
TBC",cashback,"$20,000",,,,,69ca16c429390a4d5af33bb1,03 Internal With Comms - 01 Available - $500-700k
03 Internal With Comms,jessica.k,jessica.k,01 Available,11/05/2026,11/05/2026,Approved,"Unit 27, 96 Simpson Av Rockingham WA 6168","offmarket - From $610,000",$500-700k,,"$600,000 – $610,000","2
1
1",$500,$500 - $540,140,Built Strata,1989,"TBC
TBC
TBC",cashback,"$20,000",,,,,69e842556437c7ab32260589,03 Internal With Comms - 01 Available - $500-700k
03 Internal With Comms,jessica.k,jessica.k,01 Available,18/05/2026,18/05/2026,Approved,48 Chellaston Rd Munno Para West SA 5115,"offmarket - From $690,000",$500-700k,,"$680,000 – $690,000","3
2
1",$530,$540 - $560,314,Torrens,2011,"TBC
TBC
TBC",cashback,"$20,000",,,,,6a0423b504bcf2248c8055ef,03 Internal With Comms - 01 Available - $500-700k
03 Internal With Comms,aaditya.m,will.e,01 Available,11/05/2026,11/05/2026,Approved,22 Nicholls Dr Redbank Plains qld 4301,"offmarket - Offers over $930,000",$700+,,"$920,000 – $930,000","4
2
2",$580,$670 - $700,618,Torrens,2007,"TBC
TBC
TBC",cashback,"$20,000",,,,,6a015322faf86abeea44bac0,03 Internal With Comms - 01 Available - $700+
03 Internal With Comms,james.m,will.e,01 Available,20/05/2026,20/05/2026,Approved,10 Seve Walk Clyde North VIC 3978,offmarket - 700000,$700+,,"$690,000 – $700,000","3
2
2",$560,$530 - $570,186,Individual,2024,"TBC
TBC
TBC",cashback,"$20,000",,,,,6a0bcc9132c445c0ecbd4c39,03 Internal With Comms - 01 Available - $700+
03 Internal With Comms,aaditya.m,aaditya.m,02 EOI,30/04/2026,30/04/2026,Approved,"43A Connolly St, Rangeway Rangeway WA 6530","onmarket - Offers over $399,000",$300-500k,"tbc land size
tenants looking to move out","$425,000 – $435,000","2
1
0",$395,$400 - $450,TBC,Strata,1979,"TBC
TBC
TBC",cashback,"$20,000",,,,,69f2d1e3a5c9bf37179a6b44,03 Internal With Comms - 02 EOI - $300-500k
03 Internal With Comms,aaditya.m,will.e,02 EOI,12/05/2026,12/05/2026,Approved,"Unit 36, 11 Serls St Armadale WA 6112","offmarket - Offers over $680,000",$500-700k,,"$670,000 – $680,000","3
2
2",$600,$625 - $675,207,Strata,2010,"TBC
TBC
TBC",cashback,"$20,000",,,,,6a02bf1da63b8f4d880ac7a4,03 Internal With Comms - 02 EOI - $500-700k
03 Internal With Comms,jessica.k,ali.h,02 EOI,14/04/2026,14/04/2026,Approved,36 Quinn St West Tamworth NSW 2340,"offmarket - From $535,000",$500-700k,"Please note 
This property is 39.9% Social Housing, and it's also on a busy T-intersection with a powerline out the front. 
Council advised that a duplex could be built on the block, as they need each dwelling on a separate street.","$525,000 – $535,000","3
1
1",$450,$450 - $500,708,Torrens,1975,"TBC
TBC
TBC",cashback,"$20,000",,,,,69dc42992b57eadee7ec658a,03 Internal With Comms - 02 EOI - $500-700k
03 Internal With Comms,jessica.k,jessica.k,02 Eoi,17/03/2026,17/03/2026,Approved,11 Tuggarah St Andrews Farm SA 5114,"offmarket - From $595,000",$500-700k,Please note that the rental CMA has single and double-story properties,"$585,000 – $595,000","3
2
1",$500,$500 - $550,121,Torrens,2022,"TBC
TBC
TBC",cashback,"$20,000",,,,,69af84150781a248641de393,03 Internal With Comms - 02 Eoi - $500-700k
03 Internal With Comms,aaditya.m,will.e,02 EOI,22/04/2026,22/04/2026,Approved,21 Plover Ct Murray Bridge SA 5253,offmarket - Open to offers,$500-700k,,"$500,000 – $510,000","3
1
1",$420,$450 - $500,739,Torrens,1980,"TBC
TBC
TBC",cashback,"$20,000",,,,,69e8738de76689063bfa0722,03 Internal With Comms - 02 EOI - $500-700k
03 Internal With Comms,jessica.k,will.e,02 EOI,10/04/2026,10/04/2026,Approved,"Unit 25, 4 Minchinson St Shoalwater WA 6169","offmarket - From $530,000",$500-700k,,"$520,000 – $530,000","2
1
0",$440,$450 - $480,77,Built Strata,1970,"TBC
TBC
TBC",cashback,"$20,000",,,,,69d86141e12c84bc0ab8e9ce,03 Internal With Comms - 02 EOI - $500-700k
03 Internal With Comms,jessica.k,will.e,02 EOI,17/03/2026,17/03/2026,Approved,7 Primrose Ct Davoren Park SA 5113,"offmarket - From $765,000",$700+,,"$755,000 – $765,000","4
2
1",$550,$550 - $570,300,Torrens,2023,"TBC
TBC
TBC",cashback,"$20,000",,,,,69aa49fb06738e54e0a81e7d,03 Internal With Comms - 02 EOI - $700+
03 Internal With Comms,jessica.k,sachin.p,05 Remove no interest,17/02/2026,17/02/2026,,"Units 1&2, 10 Graves Pl Griffith NSW 2680",offmarket - From 960000,$700+,,"$950,000 – $960,000","4 + 2
2 + 1
1 + 1",$920,"$980 - $1,060",611,Torrens,2022,"Hugo
hugo
TBC",cashback,"$20,000",,,,,6993bf08a13e7b61854c9f9f,03 Internal With Comms - 05 Remove no interest - $700+
03 Internal With Comms,brandon.l,brandon.l,06 Remove lost,26/03/2026,26/03/2026,Approved,"15B Sixth Rd, Armadale Armadale WA 6112",offmarket - Contact Agent,$700+,"internal sale, speak with Will","$750,000 – $760,000","3
2
2",$640,$650 - $680,216,Survey Strata,2017,"TBC
TBC
TBC",cashback,"$20,000",,,,,69c48ff8354eb0754d4722eb,03 Internal With Comms - 06 Remove lost - $700+
05 Established,brandon.l,brandon.l,01 Available,12/05/2026,12/05/2026,Approved,7 Gale St Whyalla Jenkins SA 5609,"onmarket - For $439,000",$300-500k,,"$445,000 – $460,000","3
2
1",N/A,$410 - $430,310,Torrens,2015,"Brandon Lee
jake pope
TBC",,,,,,,6a02acbb5c8cc7c72201aa29,05 Established - 01 Available - $300-500k
05 Established,aaditya.m,aaditya.m,01 Available,14/05/2026,14/05/2026,Approved,33 Bailey St Port Augusta sa 5700,"offmarket - Offers over $320,000",$300-500k,"They are looking to sell it furnished, can definitely negotiate.","$300,000 – $310,000","3
1
0",N/A,$340 - $380,608,Torrens,1968,"TBC
TBC
TBC",,,,,,,6a0517465db1f151afb04620,05 Established - 01 Available - $300-500k
05 Established,aaditya.m,aaditya.m,01 Available,20/05/2026,20/05/2026,Approved,"Unit 1, 36 Ashmont Av Ashmont NSW 2650","onmarket - Offers over $399,000",$300-500k,,"$390,000 – $400,000","2
1
1",$320,$395 - $425,100,Strata,1980,"TBC
TBC
TBC",,,,,,,6a06674dd21b88a387c156a1,05 Established - 01 Available - $300-500k
05 Established,james.m,james.m,01 Available,21/05/2026,21/05/2026,,"Unit 9, 9-11 York St, Fitzroy North VIC 3068",onmarket - $380000 - $415000,$300-500k,,"$400,000 – $410,000","1
1
0",$380,$450 - $500,54,Strata,1960,"TBC
TBC
TBC",,,,,,,6a0ea0aea0c325267cbc79a0,05 Established - 01 Available - $300-500k
05 Established,aaditya.m,sachin.p,01 Available,24/04/2026,24/04/2026,Approved,60 Assen St Karloo WA 6530,"offmarket - Offers over $545,000",$500-700k,"Bus stop in front of property.

Given 8 Naomi sold for $570,000 and 5% discount applies, we still see value in the deal around the $540,000 mark.","$535,000 – $545,000","3
1
0",N/A,$480 - $530,750,Green,1986,"TBC
TBC
TBC",,,,,,,69eaf18b583fa43b267a42bd,05 Established - 01 Available - $500-700k
05 Established,jessica.k,jessica.k,01 Available,14/05/2026,14/05/2026,,24 Canterbury Dr Mildura VIC 3500,"prelaunch_opportunity - From $520,000",$500-700k,Please note that all sold comps are half the land size.,"$510,000 – $520,000","2
2
1",N/A,$450 - $500,453,Individual,2008,"Sarah
TBC
TBC",,,,,,,6a05735f58232438576da91f,05 Established - 01 Available - $500-700k
05 Established,aaditya.m,aaditya.m,01 Available,18/05/2026,18/05/2026,Approved,19 Bruce St Tolland NSW 2650,"onmarket - Offers over $550,000",$500-700k,,"$560,000 – $570,000","3
1
0",$420,$480 - $520,638,Torrens,TBC,"TBC
TBC
TBC",,,,,,,6a0a86ac28ea44368c9aed56,05 Established - 01 Available - $500-700k
05 Established,jessica.k,jessica.k,01 Available,15/05/2026,15/05/2026,,3 Rosie Pl Ballarat East VIC 3350,"offmarket - From $525,000",$500-700k,Please note the vendor can't sign the contract till the 1st of July 2026,"$515,000 – $525,000","3
2
1",$350,$400 - $450,396,Strata,2015,"Matt
TBC
TBC",,,,,,,6a067b18d21b8855b8c1a803,05 Established - 01 Available - $500-700k
05 Established,jessica.k,jessica.k,01 Available,15/05/2026,15/05/2026,,10 College Av Armidale NSW 2350,"offmarket - From $550,000",$500-700k,Please note the property is being fully painted next week and the vendors are looking at getting the flooring done as well.,"$540,000 – $550,000","2
1
2",N/A,$450 - $500,667,Torrens,1975,"Chris
TBC
TBC",,,,,,,6a06c850db5557dcc9326d25,05 Established - 01 Available - $500-700k
05 Established,jessica.k,jessica.k,01 Available,19/05/2026,19/05/2026,Approved,70 Tichborne Cr Kooringal nsw 2650,"onmarket - From $539,000",$500-700k,Going online in the next 24 hours,"$550,000 – $560,000","3
1
1",$470,$500 - $550,777,Torrens,1950,"Jenna
TBC
TBC",,,,,,,6a0a86ac28ea44368c9aed56,05 Established - 01 Available - $500-700k
05 Established,jessica.k,jessica.k,01 Available,18/05/2026,18/05/2026,Approved,8 Cordelia Ct Urangan QLD 4655,"offmarket - From $650,000",$500-700k,Please note that there are only a couple of 2-bedroom properties that have been rented out recently,"$640,000 – $650,000","2
1
1",$460,$525 - $550,822,Torrens,1983,"Serena
TBC
TBC",,,,,,,6a0aa902d715605ae8857e38,05 Established - 01 Available - $500-700k
05 Established,jessica.k,jessica.k,01 Available,20/05/2026,20/05/2026,Approved,3 Freedom St Clinton QLD 4680,"onmarket - From $619,000",$500-700k,,"$625,000 – $635,000","3
1
1",$520,$530 - $550,728,Torrens,1982,"Jay
TBC
TBC",,,,,,,6a0be31cc59d1b106d18f1cd,05 Established - 01 Available - $500-700k
05 Established,jessica.k,jessica.k,01 Available,19/05/2026,19/05/2026,,126 Dyar Av Mildura VIC 3500,"offmarket - From $610,000",$500-700k,,"$600,000 – $610,000","3
2
1",$480,$510 - $550,525,Individual,2003,"Sarah
TBC
TBC",,,,,,,6a0c0bf08237847fb36f485b,05 Established - 01 Available - $500-700k
05 Established,brandon.l,brandon.l,01 Available,20/05/2026,20/05/2026,Approved,9 Mitchell St Mayfield TAS 7248,"onmarket - Offers Over $499,000",$500-700k,,"$535,000 – $560,000","3
1
2",N/A,$450 - $480,920,Torrens,1960,"Brandon Lee
TBC
TBC",,,,,,,6a0d4a8fb24dbd670c20e471,05 Established - 01 Available - $500-700k
05 Established,aaditya.m,aaditya.m,01 Available,14/04/2026,14/04/2026,Approved,103 Wake Way Wellard WA 6170,onmarket - Open to offers,$700+,,"$810,000 – $820,000","3
2
2",N/A,$650 - $700,357,Green,2014,"TBC
TBC
TBC",,,,,,,69e0517e2ad5021f693549b6,05 Established - 01 Available - $700+
05 Established,aaditya.m,aaditya.m,01 Available,22/04/2026,22/04/2026,Approved,26 Molonglo Cr Baldivis WA 6171,"offmarket - Offers over $780,000",$700+,awaiting vid walkthrough,"$770,000 – $780,000","3
2
2",N/A,$650 - $700,311,Green,2015,"TBC
TBC
TBC",,,,,,,69e810d718bb453658ee7422,05 Established - 01 Available - $700+
05 Established,brandon.l,brandon.l,01 Available,23/04/2026,23/04/2026,Approved,12 Decatur St Alkimos WA 6038,"offmarket - Offers Over $775,000",$700+,,"$765,000 – $780,000","3
2
2",$600,$620 - $650,225,Torrens,2020,"TBC
TBC
TBC",,,,,,,69e9c5568ba407633c7f9848,05 Established - 01 Available - $700+
05 Established,jessica.k,jessica.k,01 Available,20/05/2026,20/05/2026,,3 Jessie St Springfield Lakes QLD 4300,"offmarket - From $850,000",$700+,,"$840,000 – $850,000","3
1
1",N/A,$600 - $650,313,Torrens,2002,"Josh
TBC
TBC",,,,,,,6a0d2db04fb6bf3c9927d246,05 Established - 01 Available - $700+
05 Established,jessica.k,jessica.k,01 Available,23/04/2026,23/04/2026,Approved,24 Larissa Way Urangan QLD 4655,"onmarket - From $799,000",$700+,,"$830,000 – $840,000","4
2
2",N/A,$680 - $700,534,Torrens,2020,"Eli
TBC
TBC",,,,,,,69e98bb1f9c27d84f2498b32,05 Established - 01 Available - $700+
05 Established,jessica.k,jessica.k,01 Available,21/05/2026,21/05/2026,Approved,"Units 1,2, 234 Branyan Dr Avoca QLD 4670","onmarket - From $715,000",$700+,"Separately metered electricity
There is an open on Friday, best and final on the weekend","$780,000 – $790,000","2 + 2
1 + 1
0 + 0",$720,$760 - $840,806,Torrens,1989,"TBC
TBC
TBC",,,,,,,6a0e52946cc7f23fa7fa6db1,05 Established - 01 Available - $700+
05 Established,aaditya.m,james.m,02 EOI,20/04/2026,20/04/2026,Approved,"UNIT 3 13-15 Gray St, Wangaratta VIC 3677","onmarket - Offers over $285,000",,,"$280,000 – $290,000","2
1
0",N/A,$335 - $380,98,Strata,1960,"TBC
TBC
TBC",,,,,,,69e5b66b977efc63ff7fc0e4,05 Established - 02 EOI -
05 Established,jessica.k,jessica.k,02 EOI,1/04/2026,1/04/2026,Approved,"Unit 2, 37 Mayfield Av Armidale NSW 2350","offmarket - From $285,000",,,"$275,000 – $285,000","2
1
1",$320,$330 - $370,77,Strata,1967,"Cooper
TBC
TBC",,,,,,,69ccb8f8417be8260ee65495,05 Established - 02 EOI -
05 Established,james.m,james.m,02 EOI,16/03/2026,16/03/2026,Approved,"Unit 4, 8 Ferguson St Moe VIC 3825",onmarket - 265000,,,"$265,000 – $275,000","2
1
0",N/A,$340 - $360,330,Strata,1980,"Simon Burns
simonburns@firstnational.com.au
+61 4 21 333 114",,,,,,,69a8fc24b4c68180cb5b36d5,05 Established - 02 EOI -
05 Established,jessica.k,jessica.k,02 EOI,12/05/2026,12/05/2026,Approved,"Unit 4, 20 Edwards St Sebastopol VIC 3356","offmarket - From $425,000",$300-500k,Doing best and final this afternoon,"$415,000 – $425,000","2
1
1",$380,$380 - $410,211,Strata,2019,"Matt
TBC
TBC",,,,,,,6a02876fa63b8f62ce0952e2,05 Established - 02 EOI - $300-500k
05 Established,jessica.k,jessica.k,02 EOI,14/05/2026,14/05/2026,Approved,5 Brogan St Armidale NSW 2350,"prelaunch_opportunity - From $480,000",$300-500k,"Please note there is 34.7% Social Housing, however refer to the microburbs screenshot. 
Going online tomorrow afternoon","$470,000 – $480,000","4
1
0",$400,$420 - $470,801,Torrens,1960,"Frazer
TBC
TBC",,,,,,,6a043233636c90f286e2373a,05 Established - 02 EOI - $300-500k
05 Established,jessica.k,jessica.k,02 EOI,6/05/2026,6/05/2026,Approved,"Unit 1, 9B Napier St, Black Hill Black Hill VIC 3350","offmarket - From $470,000",$300-500k,"Please note there are no internal photos; please see the video. Also, there are no 2bed available for rent in the suburb 


Work still to be done: 

Grey shade of carpets in bedrooms

Varnished flooring 

Completion EOM","$460,000 – $470,000","2
1
0",N/A,$390 - $420,138,Individual,1975,"Matt
TBC
TBC",,,,,,,69fae85bb6a20ce21cf39a41,05 Established - 02 EOI - $300-500k
05 Established,jessica.k,jessica.k,02 EOI,22/04/2026,22/04/2026,Approved,"Unit 5, 47 Karoom Dr Glenfield Park NSW 2650","onmarket - From $460,000",$300-500k,The property is being painted on Friday,"$450,000 – $460,000","2
1
1",N/A,$400 - $450,200,Strata,1980,"Isaac
TBC
TBC",,,,,,,69e71280361ee6865847477a,05 Established - 02 EOI - $300-500k
05 Established,aaditya.m,aaditya.m,02 EOI,30/04/2026,30/04/2026,Approved,43A Connolly St Rangeway wa 6530,"onmarket - Offers Over $399,000",$300-500k,Unsure of land size but it's roughly 500 sqm,"$390,000 – $400,000","2
1
0",$395,$400 - $450,TBC,Strata,1979,"TBC
TBC
TBC",,,,,,,69f1a21c82f7bc6de86c891a,05 Established - 02 EOI - $300-500k
05 Established,aaditya.m,aaditya.m,02 EOI,24/04/2026,24/04/2026,Approved,UNIT 5 426-428 Eleventh St Mildura VIC 3500,"onmarket - Offers over $349,000",$300-500k,,"$380,000 – $385,000","3
1
0",$300,$380 - $430,321,Strata,1985,"TBC
TBC
TBC",,,,,,,69e71c413057d32336a61676,05 Established - 02 EOI - $300-500k
05 Established,aaditya.m,aaditya.m,02 EOI,14/04/2026,14/04/2026,Approved,"Unit 4, 39 Assen St, Utakarra WA 6530","onmarket - Offers over $290,000",$300-500k,,"$295,000 – $305,000","2
1
0",$350,$350 - $370,311,Strata,1988,"TBC
TBC
TBC",,,,,,,69de05e1286aa64393f4094f,05 Established - 02 EOI - $300-500k
05 Established,jessica.k,jessica.k,02 EOI,13/04/2026,13/04/2026,Approved,13 Millicent Pl Ballarat East VIC 3350,"offmarket - From $460,000",$300-500k,,"$450,000 – $460,000","2
1
1",$340,$360 - $410,291,Strata,2015,"Matt
TBC
TBC",,,,,,,69dc8acf10db405e687b85cc,05 Established - 02 EOI - $300-500k
05 Established,james.m,james.m,02 EOI,24/03/2026,24/03/2026,Approved,"Unit 7, UNIT 7 17 Francis St, Geraldton Geraldton WA 6530","onmarket - $320,000",$300-500k,,"$320,000 – $330,000","2
1
0",$350,$380 - $400,113,Strata,1970,"Mike
TBC
+61 4 08 953 962",,,,,,,69c21b962fc145a24e788146,05 Established - 02 EOI - $300-500k
05 Established,jessica.k,jessica.k,02 EOI,3/03/2026,3/03/2026,Approved,315 San Mateo Av Mildura VIC 3500,"offmarket - From $435,000",$300-500k,,"$425,000 – $435,000","2
1
1",$450,$420 - $455,247,Individual,2004,"Sarah
TBC
TBC",,,,,,,69a13c4f3a8a1c879936dd24,05 Established - 02 EOI - $300-500k
05 Established,jessica.k,jessica.k,02 EOI,3/03/2026,3/03/2026,Approved,315 San Mateo Av Mildura VIC 3500,"offmarket - From $435,000",$300-500k,,"$425,000 – $435,000","2
1
1",$450,$420 - $455,247,Individual,2004,"Sarah
TBC
TBC",,,,,,,69a13c4f3a8a1c879936dd24,05 Established - 02 EOI - $300-500k
05 Established,aaditya.m,aaditya.m,02 EOI,16/03/2026,16/03/2026,Approved,134 Abraham St Karloo WA 6530,"onmarket - Offers over $480,000",$300-500k,"Rangeway Stats

Growth
3m - 8.11%
1y - 33.86%
3y - 105.88%
5y - N/A

Median yield - 7.06%
Rent change 1y - 25%

Video walkthrough on the group chat
Social housing 5% - microburbs indicates no Social housing in immediate vicinity","$470,000 – $480,000","3
1
0",N/A,$450 - $490,683,Green,1982,"TBC
TBC
TBC",,,,,,,69a6a5dd918d5427a802a261,05 Established - 02 EOI - $300-500k
05 Established,jessica.k,jessica.k,02 EOI,24/02/2026,24/02/2026,Approved,313 San Mateo Av Mildura VIC 3500,"offmarket - From $435,000",$300-500k,,"$425,000 – $435,000","2
1
1",N/A,$420 - $455,247,Individual,2004,"Sarah
TBC
TBC",,,,,,,699bcde22a297af9e8cae608,05 Established - 02 EOI - $300-500k
05 Established,jessica.k,jessica.k,02 EOI,23/02/2026,23/02/2026,Approved,"Unit 1, 76 Fay Av Kooringal NSW 2650","offmarket - From $370,000",$300-500k,Getting updated photos as the unit has been renovated. Notes on CMA,"$360,000 – $370,000","2
1
0",N/A,$380 - $420,99,Strata,1997,"Paul
TBC
TBC",,,,,,,6997cc343ea3cf6e907903fa,05 Established - 02 EOI - $300-500k
05 Established,jessica.k,jessica.k,02 EOI,24/02/2026,24/02/2026,Approved,6 Mulgundawah Rd Murray Bridge SA 5253,"offmarket - From $485,000",$300-500k,"Please note we are waiting on a walkthrough video. Also, there are currently only two 2-bedroom properties on the market for rent.","$475,000 – $485,000","2
1
1",N/A,$420 - $460,885,Torrens,1970,"Michael
TBC
TBC",,,,,,,699bf921b558ae5ce2515678,05 Established - 02 EOI - $300-500k
05 Established,brandon.l,brandon.l,02 EOI,16/03/2026,16/03/2026,Approved,36 Beak St New Auckland QLD 4680,"onmarket - Offers Over $449,000",$300-500k,"Confirming hopefully by tomorrow close price, starting from $450-455k. Rental is 400pw long term tenant which has been put through on the high end, updated rental appraisal is upwards to $400. Tenancy expires in May, confirming if tenant will renew, is likely to continue.","$455,000 – $470,000","2
1
0",$400,$360 - $400,707,Torrens,1990,"Carly Thomas
TBC
+61 4 77 697 727",,,,,,,69a663e4c751d9b949999606,05 Established - 02 EOI - $300-500k
05 Established,jessica.k,jessica.k,02 EOI,16/03/2026,16/03/2026,Approved,11 Jordy Pl Brown Hill VIC 3350,"offmarket - From $430,000",$300-500k,,"$420,000 – $430,000","2
1
2",N/A,$350 - $400,137,Strata,2015,"Matt
TBC
TBC",,,,,,,69a786cf1d718111e32c50f1,05 Established - 02 EOI - $300-500k
05 Established,aaditya.m,aaditya.m,02 EOI,18/05/2026,18/05/2026,Approved,25 Marloo Dr Tannum Sands qld 4680,"offmarket - Offers over $600,000",$500-700k,Updated investment highlights,"$585,000 – $595,000","3
2
1",$550,$550 - $580,320,Torrens,2011,"TBC
TBC
TBC",,,,,,,6a0ab07b27a4a41473ed235b,05 Established - 02 EOI - $500-700k
05 Established,brandon.l,brandon.l,02 EOI,11/05/2026,11/05/2026,Approved,15 Sea Prince Cct Clinton QLD 4680,"onmarket - Offers Over $620,000",$500-700k,,"$655,000 – $665,000","4
2
2",$580,$580 - $610,406,Torrens,2014,"Carly Thomas
TBC
TBC",,,,,,,6a018b4ea63b8f7b44028248,05 Established - 02 EOI - $500-700k
05 Established,jessica.k,jessica.k,02 EOI,29/04/2026,29/04/2026,Approved,4 Cania Way Clinton QLD 4680,"onmarket - From $599,000",$500-700k,,"$645,000 – $655,000","3
2
1",N/A,$500 - $550,700,Torrens,1997,"Julia
TBC
TBC",,,,,,,69f16d8c9790c080ca096088,05 Established - 02 EOI - $500-700k
05 Established,james.m,james.m,02 EOI,29/04/2026,29/04/2026,Approved,65 Evolution Loop Eaton WA 6232,onmarket - 649000,$500-700k,,"$650,000 – $660,000","3
2
1",$650,$630 - $670,188,Green,2018,"TBC
TBC
TBC",,,,,,,69f190549925482336c2c90e,05 Established - 02 EOI - $500-700k
05 Established,jessica.k,jessica.k,02 EOI,23/04/2026,23/04/2026,Approved,214 Fernleigh Rd Ashmont nsw 2650,"offmarket - From $610,000",$500-700k,"Please note this is a deceased estate, probate is due to settle in 3 weeks","$600,000 – $610,000","3
1
0",N/A,$510 - $560,650,Torrens,1982,"Ryan
TBC
TBC",,,,,,,69e9c0dd034cc14fe53ca02e,05 Established - 02 EOI - $500-700k
05 Established,brandon.l,brandon.l,02 EOI,22/04/2026,22/04/2026,Approved,9 Short St South Gladstone QLD 4680,"onmarket - Offers over $475,000",$500-700k,,"$493,000 – $515,000","3
1
1",N/A,$480 - $500,380,Torrens,1999,"Tomas Whatson
TBC
TBC",,,,,,,69e87d3d016ab4b76e1f2fef,05 Established - 02 EOI - $500-700k
05 Established,aaditya.m,sachin.p,02 EOI,7/04/2026,7/04/2026,Approved,21 Circuit Dr Truganina VIC 3029,onmarket - Open to all offers,$500-700k,,"$650,000 – $660,000","4
2
2",$550,$550 - $580,384,Individual,2008,"TBC
TBC
TBC",,,,,,,69d4959c05e42c6270f653f2,05 Established - 02 EOI - $500-700k
05 Established,aaditya.m,aaditya.m,02 EOI,20/04/2026,20/04/2026,Approved,14 Bartlett St Spalding WA 6530,"prelaunch_opportunity - Offers over $560,000",$500-700k,empty lot next to property,"$575,000 – $585,000","4
1
0",N/A,$550 - $580,809,Green,1978,"TBC
TBC
TBC",,,,,,,69e07f155f26be61f66d6c6b,05 Established - 02 EOI - $500-700k
05 Established,jessica.k,jessica.k,02 EOI,21/04/2026,21/04/2026,Approved,20 Adjin St Mount Austin NSW 2650,"offmarket - From $610,000",$500-700k,"Please note that the property has been freshly painted, and new flooring is going in next week.","$600,000 – $610,000","3
1
0",N/A,$550 - $600,635,Torrens,1990,"Ryan
TBC
TBC",,,,,,,69e6dd0c5e25ce29c3a6d57f,05 Established - 02 EOI - $500-700k
05 Established,jessica.k,jessica.k,02 EOI,8/04/2026,8/04/2026,Approved,26 Mcbean Av Armidale NSW 2350,"offmarket - From $570,000",$500-700k,"Please note that the cma has both brick and weatherboard. 
There is 17.2% Social Housing, however it's not in the street.","$560,000 – $570,000","3
1
1",N/A,$500 - $540,778,Torrens,1965,"Cooper
TBC
TBC",,,,,,,69d5dda1f928dcf11632c1fc,05 Established - 02 EOI - $500-700k
05 Established,brandon.l,brandon.l,02 EOI,10/04/2026,10/04/2026,Approved,40 Gallery Av Harkness VIC 3337,"offmarket - Offers over $550,000",$500-700k,"KEEP NOTE - No history for when property is built. Agent has notified he believes approx 2010, definitely 2000+. 40 Gallery comparable properties are aligned with purchase of $550,000. Val from property now - $582,000. Val from RPDATA - 670k high confidence.","$550,000 – $560,000","3
2
1",N/A,$450 - $470,319,Torrens,2010,"ravish sharma
TBC
+61 4 15 377 470",,,,,,,69d71af0aeb320a371e830e2,05 Established - 02 EOI - $500-700k
05 Established,brandon.l,brandon.l,02 EOI,7/04/2026,7/04/2026,Approved,34 Aramac Dr Clinton QLD 4680,"offmarket - $565,000 - $575,000",$500-700k,"Provide video walkthrough, james has provided in WhatsApp. No flooding zone, as per RPDATA, Gov website and low insurance.","$575,000 – $585,000","3
1
1",N/A,$550 - $570,645,Torrens,1980,"Ben Crick
TBC
+61 4 87 123 288",,,,,,,69d476b419b744db7fbaa7a4,05 Established - 02 EOI - $500-700k
05 Established,jessica.k,jessica.k,02 EOI,1/04/2026,1/04/2026,Approved,32 Dunn Av Forest Hill NSW 2651,"onmarket - From $549,000",$500-700k,"CLOSED AT $582,000","$580,000 – $590,000","3
1
1",$450,$490 - $530,717,Torrens,1980,"Rebecca
TBC
TBC",,,,,,,69cc73cc8048d8987d9dd9c6,05 Established - 02 EOI - $500-700k
05 Established,james.m,james.m,02 EOI,26/03/2026,26/03/2026,Approved,8 Ramsgate Cr Truganina vic 3029,onmarket - 610000 - 640000,$500-700k,,"$600,000 – $610,000","3
2
1",$500,$500 - $530,252,Individual,2016,"TBC
TBC
TBC",,,,,,,69c4c2322b84feb2266ddc86,05 Established - 02 EOI - $500-700k
05 Established,james.m,james.m,02 EOI,25/03/2026,25/03/2026,Approved,18 Strickland St Spalding wa 6530,"onmarket - $499,000",$500-700k,,"$500,000 – $510,000","3
1
3",N/A,$490 - $520,815,Green,1971,"TBC
TBC
TBC",,,,,,,69c37ed7e19a743615af88ed,05 Established - 02 EOI - $500-700k
05 Established,jessica.k,jessica.k,02 EOI,25/03/2026,25/03/2026,Approved,86 Newton St Armidale NSW 2350,"offmarket - From $560,000",$500-700k,Please note that the tenants are moving out in 3 weeks,"$550,000 – $560,000","3
1
0",$430,$500 - $530,441,Strata,1960,"Chris
TBC
TBC",,,,,,,69c37825e19a74f167af6868,05 Established - 02 EOI - $500-700k
05 Established,jessica.k,jessica.k,02 EOI,20/03/2026,20/03/2026,Approved,34 Waterlily Tce Murray Bridge SA 5253,"onmarket - $550,000 - $580,000",$500-700k,,"$565,000 – $575,000","3
1
1",$440,$480 - $520,480,Torrens,2009,"Sylvia
TBC
TBC",,,,,,,69bcb98fa9a8687d8b27e7f0,05 Established - 02 EOI - $500-700k
05 Established,jessica.k,jessica.k,02 EOI,16/03/2026,16/03/2026,Approved,284 Bourke St Tolland NSW 2650,"offmarket - From $600,000",$500-700k,,"$590,000 – $600,000","3
1
0",N/A,$510 - $560,751,Torrens,1970,"Paul
TBC
TBC",,,,,,,69a7d0f216be769969998502,05 Established - 02 EOI - $500-700k
05 Established,aaditya.m,sachin.p,02 EOI,16/03/2026,16/03/2026,Approved,"10A Isaacs St, Laverton VIC 3028","offmarket - $580,000",$500-700k,,"$570,000 – $580,000","2
1
0",$488,$490 - $530,151,Strata,2022,"TBC
TBC
TBC",,,,,,,69a79701edfff629ffbbad71,05 Established - 02 EOI - $500-700k
05 Established,aaditya.m,sachin.p,02 EOI,17/03/2026,17/03/2026,Approved,6 Naomi Way Karloo wa 6530,"prelaunch_opportunity - Offers over $529,000",$500-700k,Premium lease agreement increases value in the deal.,"$530,000 – $535,000","3
1
1",$480,$460 - $480,711,Green,1997,"TBC
TBC
TBC",,,,,,,69b3765efec09a423623811c,05 Established - 02 EOI - $500-700k
05 Established,aaditya.m,sachin.p,02 Eoi,17/03/2026,17/03/2026,Approved,34 Lawley St Spalding WA 6530,"offmarket - Offers over $550,000",$500-700k,Property lies on a T-Intersection,"$540,000 – $550,000","3
1
0",N/A,$480 - $520,949,Green,1971,"TBC
TBC
TBC",,,,,,,69afb3c585a44570fa8346ef,05 Established - 02 Eoi - $500-700k
05 Established,brandon.l,brandon.l,02 Eoi,17/03/2026,17/03/2026,Approved,11 Abercarn Av Craigieburn vic 3064,"onmarket - $520,000 - $555,000",$500-700k,"TO NOTE: Subdivided land, little to no gap between the two properties, set between 2 walls. Vacant, opportunity for tenancy, agents have mentioned they have applications for $550pw, i have placed rental slightly lower to be conservative.","$550,000 – $565,000","4
1
0",N/A,$500 - $540,321,Torrens,1989,"Ujwol
TBC
+61 4 06 581 876",,,,,,,69afbe3b7b2d24b0091244ae,05 Established - 02 Eoi - $500-700k
05 Established,jessica.k,jessica.k,02 Eoi,16/03/2026,16/03/2026,Approved,232 Elsworth St West Mount Pleasant vic 3350,"offmarket - From $595,000",$500-700k,,"$585,000 – $595,000","4
2
2",$440,$450 - $500,338,Individual,2013,"Paige
TBC
TBC",,,,,,,69a91d7ac8d85f2a3654c4d9,05 Established - 02 Eoi - $500-700k
05 Established,aaditya.m,sachin.p,02 EOI,23/02/2026,23/02/2026,Approved,"8-10 Tussock Pl, Murray Bridge SA 5253","offmarket - Offers over $670,000",$500-700k,,"$650,000 – $660,000","4
2
2",$500,$500 - $550,638,Torrens,2014,"TBC
TBC
TBC",,,,,,,6997cbf01992463daee8603b,05 Established - 02 EOI - $500-700k
05 Established,james.m,james.m,02 EOI,16/03/2026,16/03/2026,Approved,8 Ackerman St Armstrong Creek VIC 3217,onmarket - $580000 - $620000,$500-700k,,"$610,000 – $620,000","3
2
1",N/A,$510 - $550,301,Individual,2021,"James Middleton
james.m@buyersclub.com.au
+61 4 00 250 241",,,,,,,69a767845030a305d0efdcb7,05 Established - 02 EOI - $500-700k
05 Established,aaditya.m,sachin.p,02 EOI,18/02/2026,18/02/2026,Approved,"Units 1-2, 17 Bayne St West Gladstone QLD 4680","onmarket - Offers over $625,000",$500-700k,,"$640,000 – $650,000","2 + 2
1 + 1
0 + 0",$680,$680 - $720,189,Strata,TBC,"TBC
TBC
TBC",,,,,,,69944ff26ca32f37d8577a74,05 Established - 02 EOI - $500-700k
05 Established,jessica.k,jessica.k,02 EOI,25/02/2026,25/02/2026,Approved,3 Walana Cr Kooringal NSW 2650,"offmarket - From $585,000",$500-700k,New ducted air-conditioning and heating,"$575,000 – $585,000","3
1
0",$485,$500 - $530,440,Torrens,1970,"Paul
TBC
TBC",,,,,,,699d28e2ea3d97642a68b7eb,05 Established - 02 EOI - $500-700k
05 Established,aaditya.m,sachin.p,02 EOI,18/02/2026,18/02/2026,Approved,4 Mccrohon St Avenell Heights QLD 4670,"offmarket - Offers over $560,000",$500-700k,Sachin has video walkthrough,"$550,000 – $560,000","4
1
0",N/A,$580 - $620,655,Torrens,2000,"Chaise Hartnett
chartnett@ljhookerbundaberg.com.au
+61 4 01 152 834",,,,,,,699511fa79e9990a8aa744f6,05 Established - 02 EOI - $500-700k
05 Established,james.m,james.m,02 EOI,17/02/2026,17/02/2026,Approved,78 Everholme Dr Truganina VIC 3029,offmarket - Asking over $610000,$500-700k,,"$600,000 – $610,000","3
2
1",N/A,$460 - $530,216,Individual,2013,"James Middleton
james.m@buyersclub.com.au
+61 4 00 250 241",,,,,,,6993c31bdb1fa5dfa5f48d86,05 Established - 02 EOI - $500-700k
05 Established,jessica.k,aaditya.m,02 EOI,16/02/2026,16/02/2026,Approved,4 Phillip Pl Utakarra WA 6530,"onmarket - From $470,000",$500-700k,"Please note that the vendor lives in the property and has two friends that rent from him. 

The Aircon isn't working","$490,000 – $500,000","3
1
1",$300,$465 - $480,892,Green,1973,"TBC
TBC
TBC",,,,,,,69926d6db51a9c641115abd1,05 Established - 02 EOI - $500-700k
05 Established,aaditya.m,aaditya.m,02 EOI,12/02/2026,12/02/2026,Approved,21 Paperbark St Kin Kora QLD 4680,"offmarket - Offers over $565,000",$500-700k,,"$555,000 – $565,000","3
2
1",$500,$500 - $530,703,Torrens,TBC,"James Bailey
TBC
TBC",,,,,,,698d0f424c1efe26a2d0a4a7,05 Established - 02 EOI - $500-700k
05 Established,jessica.k,ali.h,02 EOI,12/02/2026,12/02/2026,Approved,9 Hunt Pl Muswellbrook NSW 2333,offmarket - 650000,$500-700k,,"$645,000 – $655,000","4
2
2",$590,$600 - $630,494,Torrens,2014,"Trent Pengilley
trent@dotcompropertysales.com
+61 4 19 445 895",,,,,,,698d25bf7696be18e1716fcb,05 Established - 02 EOI - $500-700k
05 Established,aaditya.m,aaditya.m,02 EOI,12/02/2026,12/02/2026,Approved,46 Oxley Dr South Gladstone QLD 4680,"offmarket - Offers over $575,000",$500-700k,,"$560,000 – $570,000","4
2
0",$490,$500 - $540,600,Torrens,1996,"James Bailey
james.bailey@raywhite.com.au
+61 4 11 549 180",,,,,,,698c5cf191e6398d4466c6ae,05 Established - 02 EOI - $500-700k
05 Established,jessica.k,jessica.k,02 EOI,24/02/2026,24/02/2026,Approved,367 Albert St Maryborough QLD 4650,"offmarket - $640,000",$500-700k,"The CMA offers properties with 2 and 3 bedrooms. Freshly renovated, see videos","$620,000 – $630,000","3
1
2",N/A,$530 - $560,599,Torrens,1982,"Tina
TBC
TBC",,,,,,,699ce6a94fe6c2dd6718e229,05 Established - 02 EOI - $500-700k
05 Established,jessica.k,jessica.k,02 EOI,25/02/2026,25/02/2026,,14 Annie Cl Gracemere QLD 4702,"offmarket - From $660,000",$500-700k,,"$650,000 – $660,000","4
2
1",$500,$550 - $580,761,Torrens,2008,"Tom
TBC
TBC",,,,,,,699e349c786d16525f66418d,05 Established - 02 EOI - $500-700k
05 Established,aaditya.m,ali.h,02 EOI,27/02/2026,27/02/2026,Approved,10 Isaacs St Laverton vic 3028,"offmarket - $580,000",$500-700k,"Unsure of build date, as well as titling, no body corp if any - awaiting seller response","$570,000 – $580,000","2
1
0",$530,$490 - $530,151,Tbc,TBC,"TBC
TBC
TBC",cashback,"$20,000",,,,,699fe057f46c0f77abefeba2,05 Established - 02 EOI - $500-700k
05 Established,james.m,james.m,02 EOI,7/05/2026,7/05/2026,Approved,"Units 1-2, 6 Somerset Pl Nemingha NSW 2340",onmarket - 759000,$700+,,"$750,000 – $760,000","2 + 2
1 + 1
0 + 0",$720,$720 - $800,942,Torrens,TBC,"Sue Waters
TBC
+61 4 28 330 687",,,,,,,69fc3d4a76e0638e6fb74dc1,05 Established - 02 EOI - $700+
05 Established,brandon.l,brandon.l,02 EOI,5/05/2026,5/05/2026,Approved,9 Dunning St Baldivis wa 6171,"onmarket - Offers From $819,000",$700+,insurance 2.7k - mentions not under bushfire zoning,"$820,000 – $830,000","4
2
2",$620,$670 - $690,2022,Torrens,335,"Nicky
TBC
TBC",,,,,,,69f961704aef1e851e4824ce,05 Established - 02 EOI - $700+
05 Established,brandon.l,brandon.l,02 EOI,21/04/2026,21/04/2026,Approved,7 Bremer St South Maclean qld 4280,onmarket - Expressions of interest,$700+,,"$755,000 – $780,000","3
2
1",$540,$570 - $600,280,Torrens,2022,"Rod Themudo
TBC
+61 4 02 468 128",,,,,,,69e70a4248204c135b06e04b,05 Established - 02 EOI - $700+
05 Established,brandon.l,brandon.l,02 EOI,6/05/2026,6/05/2026,Approved,8 Darby St Branyan QLD 4670,"onmarket - Offers Above $669,000",$700+,"previously under offer at $740k. Buyers rescinded, no build and pest was conducted, no finance issues. Mum and dad investor change of mind.","$735,000 – $745,000","4
2
2",N/A,$680 - $710,600,Torrens,2011,"Tia Edwards
location property
TBC",,,,,,,69fab09cbc49ce65962e1525,05 Established - 02 EOI - $700+
05 Established,brandon.l,brandon.l,02 EOI,6/05/2026,6/05/2026,Approved,"Units 1,2, 4 Pismo St Madora Bay WA 6210","offmarket - Asking over $1,150,000",$700+,,"$1,120,000 – $1,150,000","3 + 2
2 + 1
2 + 1","$1,055","$1,070 - $1,100",450,Green,2024,"rentwest
lisa
TBC",,,,,,,69fae17c33996608ab1a3dc0,05 Established - 02 EOI - $700+
05 Established,brandon.l,brandon.l,02 EOI,6/05/2026,6/05/2026,Approved,"Units 1,2, 4 Pismo St Madora Bay WA 6210","offmarket - Asking over $1,150,000",$700+,,"$1,120,000 – $1,150,000","3 + 2
2 + 1
2 + 1","$1,055","$1,070 - $1,100",450,Green,2024,"rentwest
lisa
TBC",,,,,,,69fae17c33996608ab1a3dc0,05 Established - 02 EOI - $700+
05 Established,brandon.l,brandon.l,02 EOI,28/04/2026,28/04/2026,Approved,3 Salinas Way Madora Bay WA 6210,"onmarket - Offers From $869,000",$700+,"Area has been further developed, new housing and landscaping complete. Look at property through street view to get better idea.","$860,000 – $875,000","4
2
2",$670,$700 - $720,375,Torrens,2023,"Nicky
rentwest
TBC",,,,,,,69e1d7090ef03f4de5449d1f,05 Established - 02 EOI - $700+
05 Established,aaditya.m,sachin.p,02 EOI,30/03/2026,30/03/2026,Approved,43 Cowaramup Loop Two Rocks WA 6037,"prelaunch_opportunity - Offers over $690,000",$700+,,"$700,000 – $710,000","3
2
2",$550,$580 - $610,210,Green,2020,"TBC
TBC
TBC",,,,,,,69ca00ba5c5e4c2c7399cfcf,05 Established - 02 EOI - $700+
05 Established,aaditya.m,sachin.p,02 EOI,26/03/2026,26/03/2026,Approved,16 Burnett Rd Brabham WA 6055,"offmarket - Offers over $780,000",$700+,,"$775,000 – $780,000","3
2
1",$680,$680 - $730,188,Green,2016,"TBC
TBC
TBC",,,,,,,69c36d634ccadfdbb3df9fc7,05 Established - 02 EOI - $700+
05 Established,aaditya.m,sachin.p,02 EOI,27/03/2026,27/03/2026,Approved,91 Kahana Pwy Butler WA 6036,"offmarket - Offers over $750,000",$700+,might be survey strata,"$760,000 – $765,000","3
2
2",$610,$650 - $700,240,Green,2011,"TBC
TBC
TBC",,,,,,,69c5be8d8c7356285b3cadca,05 Established - 02 EOI - $700+
05 Established,brandon.l,brandon.l,02 Eoi,18/04/2026,18/04/2026,Approved,34 Amberley Dr Baldivis WA 6171,offmarket - High 700k's,$700+,,"$795,000 – $805,000","4
2
2",$640,$650 - $680,310,Torrens,2021,"Laura RentWest
TBC
TBC",,,,,,,69ca071a4d6cba94a610ca67,05 Established - 02 Eoi - $700+
05 Established,jessica.k,jessica.k,02 EOI,24/03/2026,24/03/2026,Approved,"Units 1,2, 12 Jackson St Pialba QLD 4655","onmarket - From $760,000",$700+,"Unit 2 has the garage and the shed. 
Council approved the duplex 
Last rental increase for unit 1 was Dec 2024","$760,000 – $770,000","2 + 2
1 + 1
0 + 1",$420,$870 - $915,668,Torrens,1080,"Steph
TBC
TBC",,,,,,,69c212f1c8402d6df55996ec,05 Established - 02 EOI - $700+
05 Established,aaditya.m,aaditya.m,02 EOI,19/03/2026,19/03/2026,Approved,"Units A,B, 5 Barnes Pl Cannonvale QLD 4802","onmarket - Offers over $900,000",$700+,,"$935,000 – $945,000","3 + 3
1 + 1
1 + 1","$1,100","$1,170 - $1,230",800,Torrens,1986,"TBC
TBC
TBC",,,,,,,69bb38215b329abc167970a9,05 Established - 02 EOI - $700+
05 Established,aaditya.m,sachin.p,02 EOI,16/03/2026,16/03/2026,Approved,56 Aquamarine Pde Karnup WA 6176,"offmarket - Offers over $749,000",$700+,"no rates on listing

assuming 2400 per annum","$780,000 – $800,000","4
2
2",$600,$630 - $670,450,Green,2015,"Rentwest
TBC
TBC",,,,,,,69a8e877d7bb523f4d9c80ac,05 Established - 02 EOI - $700+
05 Established,brandon.l,brandon.l,02 EOI,24/03/2026,24/03/2026,Approved,10 Saunton Way Ridgewood WA 6030,onmarket - OFFERS,$700+,"Offer was accepted Sunday at $759,000 - FHB, notified agent finance wasnt achieved. Agent looking to sell for $750k - place 5k buffer incase. I have appraised rental upwards to $700. Agent has notified he has property manager rental appraisal $700 - $750pw","$750,000 – $765,000","3
2
2",$620,$650 - $700,244,Torrens,2011,"thomas edinger
TBC
+61 4 10 901 867",,,,,,,69c1ea44f3cdaf303db50b71,05 Established - 02 EOI - $700+
05 Established,jessica.k,jessica.k,02 EOI,27/02/2026,27/02/2026,Approved,13 Kennedy St Armidale NSW 2350,"onmarket - $650,000 - $690,000",$700+,,"$685,000 – $700,000","3
2
2",N/A,$500 - $550,602,Torrens,2011,"Frazer
TBC
TBC",,,,,,,69a137b1b47c1e899ce3d0bf,05 Established - 02 EOI - $700+
05 Established,aaditya.m,james.m,02 Eoi,17/03/2026,17/03/2026,Approved,5 Halyard Av Bucasia QLD 4750,"offmarket - Offers over $720,000",$700+,Flood risk not detected on https://floodrisktracker.steadfast.com.au/. Only storm tide risk at 0.4% chance per year.,"$705,000 – $715,000","4
2
2",N/A,$680 - $720,375,Torrens,2016,"TBC
TBC
TBC",,,,,,,69b0df0edac16231a00475ed,05 Established - 02 Eoi - $700+
05 Established,brandon.l,brandon.l,02 Eoi,17/03/2026,17/03/2026,Approved,20 Ingra Cl Glen Eden QLD 4680,"onmarket - Offers over $700,000",$700+,Offer from another buyer at approx $710k. - If u can get interest today i can delay if we can push 710k+,"$710,000 – $725,000","5
2
2",N/A,$600 - $650,800,Torrens,2012,"Thomas Watson
TBC
+61 4 13 061 334",,,,,,,69b0d51bd702ddf3911d55c5,05 Established - 02 Eoi - $700+
05 Established,aaditya.m,aaditya.m,02 EOI,16/03/2026,16/03/2026,Approved,"Units A,B, 12 Alison Dr Kalkie QLD 4670","onmarket - Offers over $799,000",$700+,,"$880,000 – $890,000","3 + 3
2 + 2
1 + 1","$1,020","$1,040 - $1,100",1186,Torrens,2016,"TBC
TBC
TBC",,,,,,,69a7af18dd5fc97259d79beb,05 Established - 02 EOI - $700+
05 Established,aaditya.m,sachin.p,02 EOI,18/02/2026,18/02/2026,Approved,3-5/17 Bayne St West Gladstone QLD 4680,"onmarket - Offers over $880,000",$700+,,"$850,000 – $860,000","6
3
0",$980,"$980 - $1,050",256,Strata,TBC,"Ben Crick
TBC
TBC",,,,,,,69941da8a74476dcb10782d7,05 Established - 02 EOI - $700+
05 Established,aaditya.m,aaditya.m,02 EOI,17/02/2026,17/02/2026,Approved,"Units A,B, 5 Borlaug Cct Baldivis WA 6171","onmarket - Offers over $850,000",$700+,,"$960,000 – $970,000","2 + 3
1 + 2
1 + 1",N/A,"$1,040 - $1,110",350,Green,2024,"Jayde & Rae
jayde@figre.com.au
0862 856 888",,,,,,,6993d6b56123ac3a9dc96597,05 Established - 02 EOI - $700+
05 Established,brandon.l,brandon.l,03 Contr' Exchanged,16/03/2026,16/03/2026,Approved,24 Cairncross St Sun Valley QLD 4680,"onmarket - Offers over $479,000",$300-500k,"there is building and pest report, mentioning 4 minor issues, above average on condition based on comparable properties, able to put in another building and pest clause with offer.","$485,000 – $499,000","3
1
1",N/A,$450 - $480,325,Torrens,2010,"Carly Thomas
TBC
+61 4 77 697 727",,,,,,,69a64c67d7bb521db490ee0c,05 Established - 03 Contr' Exchanged - $300-500k
05 Established,brandon.l,brandon.l,03 Contr' Exchanged,16/02/2026,16/02/2026,Approved,101 Kildare St North Geelong VIC 3215,"onmarket - $579,000 - $599,000",$500-700k,"Not accepted yet - response tonight. We need to be 620k PP with 14 days finance to obtain property.
Quick Facts: Geelong LGA Population 233,400 in 2016, 270,000 in 2021 and forecast to 364,200 by 2036. RPDATA Value at $650k.
$645k median sale price within North Geelong. Days on market have decreased from 42 days from Feb 25 to 28 days - current.","$615,000 – $630,000","3
2
2",N/A,$550 - $570,332,Torrens,2014,"Malinda Leonard
malindaleonard@jelliscraig.com.au
+61 4 09 505 155",,,,,,,69926cc3e48dbc02cc15bf64,05 Established - 03 Contr' Exchanged - $500-700k
05 Established,james.m,james.m,05 Remove no interest,20/03/2026,20/03/2026,Approved,"Unit 2, 396E Ross Cct, Lavington NSW 2641","onmarket - On market $450,000",$300-500k,,"$450,000 – $460,000","2
1
0",$390,$400 - $430,349,Strata,1980,"Georgette Nehme
sales@georgettenehme.com.au
+61 4 14 013 819",,,,,,,69bca365cf808211fee2d61c,05 Established - 05 Remove no interest - $300-500k
05 Established,james.m,james.m,05 Remove no interest,14/04/2026,14/04/2026,Approved,156 Murdoch Rd Wangaratta VIC 3677,"onmarket - On market $449,000",$300-500k,Build Date TBC - Circa 1980's,"$450,000 – $460,000","3
1
0",N/A,$420 - $460,666,Individual,TBC,"TBC
TBC
TBC",,,,,,,69dd9c3b31cb6ffd7d33c73b,05 Established - 05 Remove no interest - $300-500k
05 Established,jessica.k,jessica.k,05 Remove no interest,23/03/2026,23/03/2026,Approved,"Unit 1, 75 Franmaree Rd Newnham TAS 7248","offmarket - From $445,000",$300-500k,Please note the tenants wants to stay on.,"$435,000 – $445,000","2
1
1",$390,$430 - $450,95,Strata,1978,"Kyle
TBC
TBC",,,,,,,69c0d5fe99bb324a44e8c1f7,05 Established - 05 Remove no interest - $300-500k
05 Established,jessica.k,jessica.k,05 Remove no interest,27/02/2026,27/02/2026,,"Unit 1, 9b Napier St Black Hill VIC 3350","offmarket - From $460,000",$300-500k,Please note there are currently no 2-bedroom units or townhouses available for rent in the suburb,"$450,000 – $460,000","2
1
0",N/A,$400 - $420,138,Survey Strata,1975,"Matt
TBC
TBC",,,,,,,69a101155117c7f1e4fcf816,05 Established - 05 Remove no interest - $300-500k
05 Established,james.m,james.m,05 Remove no interest,12/02/2026,12/02/2026,Approved,4 Windsor Av Moe VIC 3825,"onmarket - On Market $410,000",$300-500k,,"$410,000 – $425,000","2
1
1",N/A,$380 - $400,604,Individual,1960,"Julie Reed
julie@strzeleckirealty.com.au
+61 4 34 427 001",,,,,,,698d2165557fd7d4f1f64fe1,05 Established - 05 Remove no interest - $300-500k
05 Established,james.m,james.m,05 Remove no interest,23/02/2026,23/02/2026,Approved,"Unit 10, UNIT 10 123a Abbotsfield Rd, Claremont Claremont TAS 7011",onmarket - $375000,$300-500k,,"$390,000 – $400,000","2
1
0",N/A,$400 - $450,218,Strata,1992,"Chris
chris@homelands.com.au
+61 4 08 766 335",,,,,,,699bc2e71425950ac165d5f6,05 Established - 05 Remove no interest - $300-500k
05 Established,james.m,james.m,05 Remove no interest,15/05/2026,15/05/2026,Approved,11 Hardware Lane Point Cook VIC 3030,onmarket - 550000 - 605000,$500-700k,,"$580,000 – $600,000","3
2
1",$530,$510 - $550,183,Strata,2015,"Khaled James
kjames@bigginscott.com.au
+61 4 18 103 064",,,,,,,6a06ab334ea3b99528bf40c9,05 Established - 05 Remove no interest - $500-700k
05 Established,james.m,james.m,05 Remove no interest,18/05/2026,18/05/2026,Approved,"UNIT 1 16 Joanne St, Caboolture Caboolture QLD 4510",onmarket - 650000,$500-700k,Rentals would be towards the lower end of range,"$650,000 – $660,000","3
1
0",N/A,$550 - $610,142,Tbc,2008,"Ben Wilkinson
TBC
TBC",,,,,,,6a0a98471b65656181e61893,05 Established - 05 Remove no interest - $500-700k
05 Established,aaditya.m,aaditya.m,05 Remove no interest,9/04/2026,9/04/2026,Approved,30 Woodrow St Carey Park WA 6230,"onmarket - Offers over $615,000",$500-700k,$500-700k,"$650,000 – $660,000","3
2
1",$530,$580 - $630,272,Strata,2011,"TBC
TBC
TBC",,,,,,,69d71bcd1d2031f55a81b710,05 Established - 05 Remove no interest - $500-700k
05 Established,jessica.k,jessica.k,05 Remove no interest,13/05/2026,13/05/2026,Approved,2 Fraser St Mount Austin NSW 2650,"offmarket - From $620,000",$500-700k,Getting a walkthrough video today,"$610,000 – $620,000","3
1
1",$440,$490 - $530,601,Torrens,1985,"Ryan
TBC
TBC",,,,,,,6a03ca203f1fad8b5d894177,05 Established - 05 Remove no interest - $500-700k
05 Established,aaditya.m,aaditya.m,05 Remove no interest,15/04/2026,15/04/2026,Approved,4A Bright St Carey Park WA 6230,"onmarket - Offers over $610,000",$500-700k,,"$670,000 – $680,000","4
2
0",$620,$630 - $670,207,Strata,2007,"TBC
TBC
TBC",,,,,,,69d860fa3663303a9678a05f,05 Established - 05 Remove no interest - $500-700k
05 Established,brandon.l,brandon.l,05 Remove no interest,5/05/2026,5/05/2026,Approved,47 Raye St Tolland NSW 2650,"onmarket - From $575,000",$500-700k,,"$605,000 – $615,000","3
1
1",$470,$480 - $500,738,Torrens,1970,"adam humbert
TBC
TBC",,,,,,,69f96bc2409ba08d8b830ebd,05 Established - 05 Remove no interest - $500-700k
05 Established,james.m,james.m,05 Remove no interest,6/05/2026,6/05/2026,Approved,7 Abigail Ct Armstrong Creek vic 3217,onmarket - 625000 - 665000,$500-700k,,"$640,000 – $650,000","3
2
2",$510,$500 - $550,366,Individual,2013,"TBC
TBC
TBC",,,,,,,69fae582d7947dca04b8bc53,05 Established - 05 Remove no interest - $500-700k
05 Established,james.m,james.m,05 Remove no interest,7/05/2026,7/05/2026,Approved,5 Wallaroo Way Australind WA 6233,prelaunch_opportunity - Off market high 600's,$500-700k,,"$670,000 – $680,000","3
1
0",N/A,$580 - $630,811,Green,1985,"TBC
TBC
TBC",,,,,,,69f95e16409ba052ad82c569,05 Established - 05 Remove no interest - $500-700k
05 Established,jessica.k,jessica.k,05 Remove no interest,24/04/2026,24/04/2026,,137 Yaruga St Dubbo NSW 2830,"onmarket - $540,000 - $570,000",$500-700k,,"$585,000 – $595,000","3
1
2",N/A,$480 - $520,639,Torrens,1995,"Rebecca
TBC
TBC",,,,,,,69eaf7637009f5bcb87b8c02,05 Established - 05 Remove no interest - $500-700k
05 Established,aaditya.m,aaditya.m,05 Remove no interest,16/04/2026,16/04/2026,Approved,101 Rifle Range Rd Rangeway wa 6530,"onmarket - Offers over $499,000",$500-700k,"full interior renovation
new electricals
double brick
superior property to rangeway 3/1/1s","$535,000 – $545,000","3
1
0",N/A,$480 - $530,801,Green,1978,"TBC
TBC
TBC",,,,,,,69e019c2bb84dbc37e4839f0,05 Established - 05 Remove no interest - $500-700k
05 Established,james.m,james.m,05 Remove no interest,20/04/2026,20/04/2026,Approved,18 Italianate St Charlemont VIC 3217,"onmarket - $580,000 - $620,000",$500-700k,,"$590,000 – $600,000","3
2
1",N/A,$490 - $530,212,Individual,2023,"James Middleton
james.m@buyersclub.com.au
+61 4 00 250 241",,,,,,,69e5adc11d255599f66d3996,05 Established - 05 Remove no interest - $500-700k
05 Established,brandon.l,brandon.l,05 Remove no interest,14/04/2026,14/04/2026,Approved,8 Ward St Wynyard TAS 7325,"onmarket - Offers Over $495,000",$500-700k,,"$525,000 – $545,000","3
1
1",N/A,$450 - $460,835,Torrens,1966,"keryn newman
TBC
+61 4 27 539 989",,,,,,,69ddd05f55881e95adc47f7b,05 Established - 05 Remove no interest - $500-700k
05 Established,brandon.l,brandon.l,05 Remove no interest,2/04/2026,2/04/2026,Approved,19 Wattle St New Auckland qld 4680,"onmarket - Offers over $515,000",$500-700k,,"$545,000 – $555,000","3
1
0",N/A,$480 - $510,830,Torrens,1960,"Thomas Watson
TBC
+61 4 13 061 334",,,,,,,69ce119773b0808688dacac2,05 Established - 05 Remove no interest - $500-700k
05 Established,brandon.l,brandon.l,05 Remove no interest,10/04/2026,10/04/2026,,41 Tarrawonga Dr Calliope QLD 4680,"onmarket - Offers over $650,000",$500-700k,"Offer range is strong from 675-680k range. If advertising to client, offers subject to tonight open home inspection to close Monday. Property is behind adjacent large developed block of land meant for a small community of properties.","$670,000 – $685,000","4
2
2",N/A,$590 - $620,800,Torrens,2012,"thomas watson
TBC
+61 4 13 061 334",,,,,,,69d89130466b3133f80b1ed3,05 Established - 05 Remove no interest - $500-700k
05 Established,aaditya.m,aaditya.m,05 Remove no interest,10/04/2026,10/04/2026,Approved,6 Uraidla Av Salisbury North SA 5108,"onmarket - Offers over $565,000",$500-700k,RP Val is $660k. This property is near a school so with a 5% discount you would value it at $527k. This deal can be secured at $620k.,"$615,000 – $625,000","3
1
0",$500,$530 - $580,375,Torrens,1978,"TBC
TBC
TBC",,,,,,,69d5df224c4f122da32563f8,05 Established - 05 Remove no interest - $500-700k
05 Established,brandon.l,brandon.l,05 Remove no interest,25/03/2026,25/03/2026,Approved,32 Trevor St Murray Bridge SA 5253,"onmarket - $570,000 - $610,000",$500-700k,,"$600,000 – $610,000","3
1
2",$440,$450 - $480,450,Torrens,2004,"Malcolm Hautop
TBC
+61 4 12 825 487",,,,,,,69c3821d40124d5849815184,05 Established - 05 Remove no interest - $500-700k
05 Established,aaditya.m,sachin.p,05 Remove no interest,17/03/2026,paul@professionalswagga.com.au,Approved,10 Romek Way Truganina VIC 3029,"offmarket - Offers over $660,000",$500-700k,,"$645,000 – $655,000","3
2
2",N/A,$500 - $540,369,Individual,2010,"TBC
TBC
TBC",,,,,,,69b25c160ade03198289f369,05 Established - 05 Remove no interest - $500-700k
05 Established,jessica.k,jessica.k,05 Remove no interest,25/03/2026,25/03/2026,Approved,32 Everholme Dr Truganina vic 3029,"onmarket - $640,000 $680,000",$500-700k,,"$670,000 – $680,000","3
2
2",N/A,$510 - $550,350,Individual,2013,"TBC
TBC
TBC",,,,,,,69c351a75c60f66a7cb29c25,05 Established - 05 Remove no interest - $500-700k
05 Established,aaditya.m,aaditya.m,05 Remove no interest,2/04/2026,2/04/2026,Approved,21 Kinetic Way Craigieburn VIC 3064,"onmarket - Offers over $630,000",$500-700k,"This is a dual access property.

60km per hour road with bus stop out front. There is a buffer from doorstep to main road and the garage entry is on the other side accessed via internal roads.","$630,000 – $640,000","3
2
2",N/A,$520 - $550,358,Individual,2012,"TBC
TBC
TBC",,,,,,,69cc8c0f97e4a5ca6832c1e2,05 Established - 05 Remove no interest - $500-700k
05 Established,aaditya.m,aaditya.m,05 Remove no interest,31/03/2026,31/03/2026,Approved,"21A Kimber St, Carey Park Carey Park WA 6230","offmarket - Offers over $525,000",$500-700k,Waiting for video walkthrough,"$510,000 – $520,000","3
1
0",$500,$530 - $580,400,Strata,1963,"TBC
TBC
TBC",,,,,,,69ca1a736a7229b12ac7f1ee,05 Established - 05 Remove no interest - $500-700k
05 Established,jessica.k,jessica.k,05 Remove no interest,31/03/2026,31/03/2026,Approved,66 Dumaresq St Armidale NSW 2350,"offmarket - $580,000 - $600,000",$500-700k,Please note that the tenants are renting privately from the vendor,"$590,000 – $600,000","3
1
0",$450,$500 - $550,649,Torrens,1930,"Chris
TBC
TBC",,,,,,,69c478eb12a463c5997786c3,05 Established - 05 Remove no interest - $500-700k
05 Established,jessica.k,will.e,05 Remove no interest,23/03/2026,23/03/2026,Approved,27 Rocky Gully Rd Murray Bridge SA 5253,offmarket - Off-Market,$500-700k,"Please note that Subdivision potential 
CMA has 3-beds","$640,000 – $650,000","5
1
1",N/A,$520 - $560,1204,Torrens,1925,"TBC
TBC
TBC",,,,,,,69c0b8604189e86580b8b5b1,05 Established - 05 Remove no interest - $500-700k
05 Established,aaditya.m,sachin.p,05 Remove no interest,23/03/2026,23/03/2026,Approved,6 FAIRYMEAD RD BUNDABERG NORTH QLD 4670,"onmarket - $549,000",$500-700k,,"$610,000 – $620,000","3
1
1",$350,$550 - $600,688,Torrens,TBC,"TBC
TBC
TBC",,,,,,,69c0c1e3f4305e3bea62cd5b,05 Established - 05 Remove no interest - $500-700k
05 Established,jessica.k,jessica.k,05 Remove no interest,24/03/2026,24/03/2026,,97 Odessa St Granville QLD 4650,"offmarket - From $685,000",$500-700k,The Owners would like to rent back for 12 months at market rent. Please note that there are no comparable properties in the suburb,"$675,000 – $685,000","3
1
1",N/A,$590 - $610,817,Torrens,1990,"Tina
TBC
TBC",,,,,,,69c1d4cf120b4146bae38906,05 Established - 05 Remove no interest - $500-700k
05 Established,jessica.k,jessica.k,05 Remove no interest,25/03/2026,25/03/2026,,20 Mcnulty Dr Wendouree VIC 3355,"offmarket - From $555,000",$500-700k,"Please note that it's a 20.1% Social Housing
Median 12 months is from SPI","$545,000 – $555,000","3
1
1",$421,$425 - $440,658,Individual,1980,"Paige
TBC
TBC",,,,,,,69c33e603d29b2f28d1ab771,05 Established - 05 Remove no interest - $500-700k
05 Established,james.m,james.m,05 Remove no interest,25/03/2026,25/03/2026,Approved,44 Cordelia Av Cranbrook QLD 4814,"offmarket - Off market 585,000",$500-700k,,"$575,000 – $585,000","3
1
0",N/A,$520 - $580,596,Torrens,1975,"David Bishop
TBC
TBC",,,,,,,69c31658f52030805f0a8052,05 Established - 05 Remove no interest - $500-700k
05 Established,jessica.k,jessica.k,05 Remove no interest,17/03/2026,17/03/2026,Approved,6 Millicent Pl Ballarat East VIC 3350,"offmarket - From $535,000",$500-700k,,"$525,000 – $535,000","3
2
1",$390,$400 - $430,256,Strata,2015,"Paige
TBC
TBC",,,,,,,69b0ccf40ddc5d5ec58dad77,05 Established - 05 Remove no interest - $500-700k
05 Established,jessica.k,jessica.k,05 Remove no interest,17/03/2026,17/03/2026,Approved,"UNIT 8 17 ORD ST, BERESFORD WA 6530","onmarket - From $650,000",$500-700k,"Please note that there are currently no 1-bedrooms for rent. There are 1 + 2 beds in the CMA. 
Both Units have the same meter for water and power. The Tenants currently split these bills in half.","$675,000 – $685,000","2 + 1
1 + 1
0 + 0",$730,$760 - $820,319,Built Strata,2017,"Brett
TBC
TBC",,,,,,,69ae56cf941221b9a7cae58c,05 Established - 05 Remove no interest - $500-700k
05 Established,brandon.l,brandon.l,05 Remove no interest,24/02/2026,24/02/2026,Approved,6 Saturn Cr Telina QLD 4680,"onmarket - Offers Over $505,000",$500-700k,"Rented 450pw until April with opportunity to raise rental upwards to $500pw in current market September 2026. Tenants are long term and ideally would like to stay. Agent has advised property needs small internal repaint in laundry, no structural issues or moisture noticed on her end.","$520,000 – $530,000","3
1
0",$450,$480 - $500,690,Torrens,1980,"Julia Williams
juliawilliams@mcgrath.com.au
+61 4 27 720 780",,,,,,,699ce756e521173cbc60fa9a,05 Established - 05 Remove no interest - $500-700k
05 Established,jessica.k,jessica.k,05 Remove no interest,16/02/2026,16/02/2026,,"2A Bawden St, Brown Hill Brown Hill VIC 3350","prelaunch_opportunity - $475,000 - $505,000",$500-700k,We are getting the photos in the next 24 hours,"$505,000 – $515,000","3
2
1",$370,$390 - $430,355,Individual,2010,"Matthew Tunbridge
TBC
TBC",,,,,,,69925e6fca5e48f873a67374,05 Established - 05 Remove no interest - $500-700k
05 Established,jessica.k,jessica.k,05 Remove no interest,16/02/2026,16/02/2026,Approved,141 Calala Lane Calala nsw 2340,"offmarket - Offers from $565,000",$500-700k,"Please note that the tenant is moving out next week. Also, the property is on a main road.","$555,000 – $565,000","3
1
0",$340,$470 - $530,869,Torrens,1989,"Sam
TBC
TBC",,,,,,,6992b0a291e639e3349113f9,05 Established - 05 Remove no interest - $500-700k
05 Established,aaditya.m,aaditya.m,05 Remove no interest,11/02/2026,11/02/2026,Approved,100 Kenny Cr Rangeway WA 6530,"offmarket - Offers over $549,000",$500-700k,Video Walkthrough coming soon (coming from Sachin),"$550,000 – $560,000","4
2
2",N/A,$500 - $550,910,Green,1974,"Serena Moss
serena.moss@geraldtonpropertyteam.com.au
+61 4 55 195 799",,,,,,,698bdc486054dd74a87e8297,05 Established - 05 Remove no interest - $500-700k
05 Established,jessica.k,jessica.k,05 Remove no interest,16/02/2026,16/02/2026,Approved,62 Maher St Tolland nsw 2650,"offmarket - From $615,000",$500-700k,Getting photos on Wednesday,"$605,000 – $615,000","3
2
0",$450,$480 - $530,964,Torrens,1980,"Paul Irvine
TBC
TBC",,,,,,,699280d1539a109d9bca41eb,05 Established - 05 Remove no interest - $500-700k
05 Established,brandon.l,brandon.l,05 Remove no interest,16/02/2026,16/02/2026,Approved,16 Tarrawonga Dr Calliope QLD 4680,"onmarket - Offers over $645,000",$500-700k,,"$660,000 – $670,000","4
2
2",$610,$600 - $650,720,Torrens,2013,"Emma Dingle
emma@callioperealestate.com.au
+61 4 19 714 937",,,,,,,698fd49c74e4df1c0364f611,05 Established - 05 Remove no interest - $500-700k
05 Established,jessica.k,jessica.k,05 Remove no interest,13/02/2026,13/02/2026,,238 Neptune St Maryborough QLD 4650,"onmarket - From $650,000",$500-700k,,"$680,000 – $690,000","4
2
1",N/A,$620 - $660,820,Torrens,1989,"Peter Mott
TBC
TBC",,,,,,,698e761ba0014f31025fe5de,05 Established - 05 Remove no interest - $500-700k
05 Established,jessica.k,jessica.k,05 Remove no interest,4/03/2026,4/03/2026,Approved,35 Cutler Av Kooringal nsw 2650,"offmarket - From $610,000",$500-700k,"Fully renovated, getting a walkthrough video. 
28% social housing","$600,000 – $610,000","3
2
0",N/A,$500 - $550,701,Torrens,1988,"TBC
TBC
TBC",,,,,,,69a12c0ccf7ff35b88d67192,05 Established - 05 Remove no interest - $500-700k
05 Established,jessica.k,jessica.k,05 Remove no interest,16/04/2026,16/04/2026,Approved,"Unit 6, 22 Dove St Mount Austin NSW 2650","offmarket - From $545,000",$500-700k,Please note the CMA reflects the lack of 3-bedroom unit/villa's that have sold in the last 6 months,"$535,000 – $545,000","3
1
0",N/A,$480 - $530,353,Strata,1988,"Paul
TBC
TBC",,,,,,,69e08aa6e69ba14e79a051f3,05 Established - 05 Remove no interest - $500-700k
05 Established,brandon.l,brandon.l,05 Remove no interest,11/05/2026,11/05/2026,Approved,26 Tomato Island Rd Branyan QLD 4670,"onmarket - Offers Above $689,000",$700+,closing tmr 12,"$730,000 – $745,000","4
2
2",$600,$700 - $750,501,Torrens,2016,"Gail Lordberg
TBC
+61 4 32 760 266",,,,,,,6a01835b5da7d30e7e599605,05 Established - 05 Remove no interest - $700+
05 Established,aaditya.m,aaditya.m,05 Remove no interest,29/04/2026,29/04/2026,Approved,"Units A,B, 46 Spruce Rd Henley Brook WA 6055","offmarket - Offers over $1,200,000",$700+,,"$1,170,000 – $1,200,000","4 + 2
2 + 1
2 + 0",N/A,"$1,380 - $1,460",450,Torrens,2026,"TBC
TBC
TBC",,,,,,,69f150d1e522aa21337225a7,05 Established - 05 Remove no interest - $700+
05 Established,aaditya.m,aaditya.m,05 Remove no interest,1/05/2026,1/05/2026,Approved,"Units A,B, 41 Gordon St Calala NSW 2340","onmarket - Offers over $980,000",$700+,4 bedroom is under NRAS (rental affordability scheme). Tenants managing property great and rent can be changed in August.,"$975,000 – $985,000","4 + 1
2 + 1
2 + 0",$837,"$970 - $1,055",793,Torrens,2023,"TBC
TBC
TBC",,,,,,,69f422d992e18f59b6d02d8f,05 Established - 05 Remove no interest - $700+
05 Established,aaditya.m,aaditya.m,05 Remove no interest,6/05/2026,6/05/2026,Approved,"Units 4,6, Lorikeet Av Murray Bridge SA 5253","onmarket - Offers over $845,000",$700+,,"$835,000 – $845,000","3 + 3
1 + 1
0 + 0",$790,$820 - $900,1252,Torrens,1980,"TBC
TBC
TBC",,,,,,,69e6d8f4ae33d6842f183426,05 Established - 05 Remove no interest - $700+
05 Established,jessica.k,jessica.k,05 Remove no interest,23/04/2026,23/04/2026,Approved,25 Florida Cr Parkhurst QLD 4702,"offmarket - From $735,000",$700+,"13 Florida Crescent, Parkhurst, Qld 4702 went under contract at $730,000","$725,000 – $735,000","4
2
2",$600,$620 - $650,600,Torrens,2014,"Jess N
TBC
TBC",,,,,,,69e8720ae76689b1a8f9f3bc,05 Established - 05 Remove no interest - $700+
05 Established,jessica.k,jessica.k,05 Remove no interest,6/05/2026,6/05/2026,Approved,"Units 1,2, 15 Buckby St Pallarenda QLD 4810","onmarket - From $799,000",$700+,"Please note the CMA has 2 and 3-bedroom properties, as there are no real comps for the area. 
The Rates include water. 
Separately metered for electricity
Unit 2 has a rent increase on the 19th of May to $420 pw","$820,000 – $830,000","2 + 2
1 + 1
0 + 0",$660,$800 - $880,701,Torrens,1994,"Gavin
TBC
TBC",,,,,,,69fa9e7d2f11427a8362ce08,05 Established - 05 Remove no interest - $700+
05 Established,aaditya.m,aaditya.m,05 Remove no interest,24/04/2026,24/04/2026,Approved,"Units A,B, 25 Miami Tce Blacks Beach QLD 4740","offmarket - Offers over $1,200,000",$700+,,"$1,150,000 – $1,160,000","3 + 3
2 + 2
2 + 2","$1,190","$1,250 - $1,300",1056,Green,2009,"TBC
TBC
TBC",,,,,,,69e9d0d2583fa406c87224d3,05 Established - 05 Remove no interest - $700+
05 Established,aaditya.m,aaditya.m,05 Remove no interest,22/04/2026,22/04/2026,,51 Kangaroo Av Kwinana Town Centre WA 6167,"offmarket - Offers over $770,000",$700+,,"$745,000 – $755,000","3
2
2",N/A,$650 - $680,225,Green,2019,"TBC
TBC
TBC",,,,,,,69e882275cce3e66897e92e3,05 Established - 05 Remove no interest - $700+
05 Established,aaditya.m,james.m,05 Remove no interest,1/05/2026,1/05/2026,Approved,39 Lindberg St Wilsonton QLD 4350,"onmarket - Offers over $749,000",$700+,near bus stop,"$755,000 – $765,000","3
2
1",$400,$550 - $600,653,Torrens,1981,"TBC
TBC
TBC",,,,,,,69f2a930e574ee09405ea087,05 Established - 05 Remove no interest - $700+
05 Established,brandon.l,brandon.l,05 Remove no interest,17/04/2026,17/04/2026,,69e98bb1f9c27d84f2498b32,"onmarket - Offers Over $699,000",$700+,"Bushfire zoning, insurance is only 2.3k Premium build, low comps under same land size FYI. Tenanted at $550pw until June 2026, clients will sign up for 6 month lease with opportunity to raise rental in December 26","$690,000 – $705,000","4
2
2",550,$590 - $640,450,Torrens,2019,"Jay Murray
TBC
TBC",,,,,,,69e1a68b2bc2d841102ac7b3,05 Established - 05 Remove no interest - $700+
05 Established,brandon.l,brandon.l,05 Remove no interest,13/04/2026,13/04/2026,Approved,"UNIT 4 4 Pine Av, Glenelg North Glenelg North SA 5045","onmarket - $695,000 - $730,000",$700+,,"$720,000 – $730,000","2
1
0",N/A,$570 - $600,186,Strata,1960,"Adam Keane
TBC
TBC",,,,,,,69d87d4cec0173747ca0fb91,05 Established - 05 Remove no interest - $700+
05 Established,brandon.l,brandon.l,05 Remove no interest,27/03/2026,27/03/2026,Approved,7 Gerald Bvd Davoren Park SA 5113,"prelaunch_opportunity - $699,000 - $749,000",$700+,"Not many photos, organising video this weekend if required","$745,000 – $760,000","4
2
2",$540,$550 - $580,420,Torrens,2008,"Jason Wright
TBC
+61 4 51 497 368",,,,,,,69c6007e2b84fe62ca9cd53c,05 Established - 05 Remove no interest - $700+
05 Established,brandon.l,brandon.l,05 Remove no interest,2/04/2026,2/04/2026,Approved,"UNIT 6 37 Arnold Dr, Mitchell Park Mitchell Park SA 5043","onmarket - $750,000 - $765,000",$700+,,"$755,000 – $765,000","3
1
1",$520,$600 - $620,213,Strata,1995,"John Capoccia
TBC
+61 4 08 836 599",,,,,,,69cdc18f797da43dd0ee64d6,05 Established - 05 Remove no interest - $700+
05 Established,jessica.k,jessica.k,05 Remove no interest,10/04/2026,10/04/2026,Approved,52 Ibis Bvd Eli Waters QLD 4655,"prelaunch_opportunity - From $750,000",$700+,"Getting a walkthrough video, the property is going live on Tuesday","$740,000 – $750,000","3
2
1",N/A,$600 - $650,892,Torrens,2000,"Steph
TBC
TBC",,,,,,,69d83ffbeb9b7abf1d9ac19a,05 Established - 05 Remove no interest - $700+
05 Established,brandon.l,brandon.l,05 Remove no interest,27/03/2026,27/03/2026,Approved,55 Alabama Av Prospect SA 5082,"onmarket - $875,000 to $925,000",$700+,NO HOTSPOTTING REPORT,"$875,000 – $925,000","4
2
1",N/A,$650 - $700,693,Torrens,1955,"David Philpott
TBC
+61 4 14 422 889",,,,,,,69c4db0bafb351595e7e615c,05 Established - 05 Remove no interest - $700+
05 Established,james.m,will.e,05 Remove no interest,20/03/2026,20/03/2026,Approved,"Units 1-2, 8 Dora St Morayfield QLD 4506",prelaunch_opportunity - Pre- Launch Opportunity,$700+,,"$970,000 – $980,000","3 + 1
2 + 1
1 + 0",$880,$960 - $990,278,Tbc,TBC,"James Middleton
james.m@buyersclub.com.au
+61 4 00 250 241",,,,,,,69bcf3498274f8a73a8e0a07,05 Established - 05 Remove no interest - $700+
05 Established,aaditya.m,ali.h,05 Remove no interest,17/03/2026,17/03/2026,Approved,"Units A,B, 272 Herses Rd Eagleby QLD 4207","offmarket - Offers over $1,100,000",$700+,,"$1,100,000 – $1,110,000","3 + 2
2 + 1
1 + 1","$1,005","$1,015 - $1,120",430,Torrens,2018,"TBC
TBC
TBC",,,,,,,69b3965c73652ba540e5ed58,05 Established - 05 Remove no interest - $700+
05 Established,brandon.l,brandon.l,05 Remove no interest,20/03/2026,20/03/2026,Approved,11 Jarrah Cl Camillo WA 6111,offmarket - Contact Agent,$700+,For reference - fourth bedroom is confirming council approval.,"$725,000 – $750,000","3
1
0",N/A,$650 - $680,739,Torrens,1978,"Aman Singh
0430883582
TBC",,,,,,,69bcec5070dd98fd2481873e,05 Established - 05 Remove no interest - $700+
05 Established,jessica.k,jessica.k,05 Remove no interest,17/03/2026,17/03/2026,Approved,"Units 1,2, 35 Rosella Av Calala NSW 2340","offmarket - $970,000 - $1,20,000",$700+,"Please note there are no floor plans for the 2-bed side. 

1 & 1A Lake Place, Tamworth, NSW 2340 is a great comp that sold $1,1M","$1,000,000 – $1,020,000","4 + 2
2 + 1
1 + 1",$930,"$1,010 - $1,080",779,Torrens,2024,"Vicky
TBC
TBC",,,,,,,69b758c43c282c7c18f719d6,05 Established - 05 Remove no interest - $700+
05 Established,james.m,james.m,05 Remove no interest,23/03/2026,23/03/2026,Approved,24 Coachwood Way Maddington WA 6109,onmarket - Offers from 749000,$700+,,"$770,000 – $785,000","3
1
0",N/A,$680 - $700,683,Green,1970,"Sajid
sajid@raywhite.com.au
+61 4 84 786 573",,,,,,,69c0cfd482b4f0babc4931bd,05 Established - 05 Remove no interest - $700+
05 Established,brandon.l,brandon.l,05 Remove no interest,20/03/2026,20/03/2026,Approved,34 Stoneybrook Dr Glen Eden QLD 4680,"onmarket - Offers over $669,000",$700+,"Keep in mind for BA - Garage space has been converted to additional living space which helps with rental benefit. This can be changed back, agents going through certifier to ensure compliance.","$690,000 – $710,000","4
2
0",N/A,$570 - $620,634,Torrens,2012,"Carly Thomas
TBC
+61 4 77 697 727",,,,,,,69bc9ffae9c1832ac0db57dc,05 Established - 05 Remove no interest - $700+
05 Established,aaditya.m,aaditya.m,05 Remove no interest,23/02/2026,23/02/2026,,"Unit 1-3, 14 Sinclair Av Morwell VIC 3840","onmarket - Offers over $925,000",$700+,85+ metres from train tracks,"$920,000 – $930,000","6
3
0","$1,110","$1,110 - $1,200",603,Individual,1968,"Matt Fava
mattfava@wprci.com.au
+61 4 88 007 245",,,,,,,699bdf646c94330b846948c4,05 Established - 05 Remove no interest - $700+
05 Established,aaditya.m,aaditya.m,05 Remove no interest,19/03/2026,19/03/2026,Approved,24 Garigal St Yanchep WA 6035,"offmarket - Offers over $910,000",$700+,,"$890,000 – $900,000","4
2
2",N/A,$670 - $730,420,Green,2016,"TBC
TBC
TBC",,,,,,,69bbbbcdca8622bfd538da8e,05 Established - 05 Remove no interest - $700+
05 Established,aaditya.m,sachin.p,05 Remove no interest,12/02/2026,12/02/2026,Approved,27 Lazuli Rise Wellard WA 6170,"offmarket - Offers over $760,000",$700+,,"$750,000 – $760,000","3
2
2",N/A,$630 - $660,230,Green,2015,"Navpreet Singh
navpreetsingh@theagency.com.au
+61 4 16 377 765",,,,,,,698d33e636cb5e65a4010ee3,05 Established - 05 Remove no interest - $700+
05 Established,aaditya.m,sachin.p,05 Remove no interest,17/03/2026,17/03/2026,Approved,8 Pinicle Ct Andrews Farm SA 5114,"onmarket - Offers over $680,000",$700+,,"$720,000 – $730,000","4
1
1",N/A,$600 - $650,574,Torrens,1992,"TBC
TBC
TBC",,,,,,,69af9e5275b7ed0a48426739,05 Established - 05 Remove no interest - $700+
05 Established,aaditya.m,sachin.p,05 Remove no interest,17/03/2026,17/03/2026,Approved,"Units A-B, 41 Scenery St West Gladstone QLD 4680","onmarket - Offers over $720,000",$700+,Sewer Easement runs under the block,"$690,000 – $700,000","3 + 2
1 + 1
0 + 0",$740,$860 - $900,991,Torrens,1970,"TBC
TBC
TBC",,,,,,,69b0aa71d382fb068db1edb5,05 Established - 05 Remove no interest - $700+
05 Established,aaditya.m,aaditya.m,05 Remove no interest,17/03/2026,17/03/2026,Approved,Approved,"onmarket - Offers over $699,000",$700+,Proximity to minor electric lines.,"$695,000 – $705,000","4
2
3",$550,$650 - $700,953,Torrens,1970,"Rebecca Beer
TBC
TBC",,,,,,,69b235fd4ae9ca217954f38f,05 Established - 05 Remove no interest - $700+
05 Established,jessica.k,jessica.k,05 Remove no interest,17/03/2026,17/03/2026,Approved,14 Wedge St Urraween qld 4655,"offmarket - from $770,000",$700+,Please note that the vendors will do a rent back for 12 months,"$760,000 – $770,000","3
2
2",N/A,$590 - $630,708,Torrens,1989,"Paige
TBC
TBC",,,,,,,69afc0fa0cb5cfea41dd42ac,05 Established - 05 Remove no interest - $700+
05 Established,brandon.l,ali.h,05 Remove no interest,25/02/2026,25/02/2026,Approved,"Units 25a,25b, 25 Hunter St Dubbo NSW 2830","offmarket - $750,000 - $800,000",$700+,"https://vtc.virtualtourscreator.com.au/share/0962de975029baff3f0ff4384fc595e6 - Link to virtual tour.
IMPORTANT - Tenancy is periodic for 25b at $350pw, cannot update rental until July 2026.
Can organise video walkthrough. - Figures used for growth came direct from investar.","$750,000 – $765,000","3 + 2
1 + 1
0 + 1",$760,$760 - $815,809,Torrens,1969,"Jennifer Mcgrath
jmcgrath@bobberry.com.au
+61 4 18 825 670",,,,,,,699e822a15fe70057921fb5a,05 Established - 05 Remove no interest - $700+
05 Established,jessica.k,sachin.p,05 Remove no interest,23/02/2026,23/02/2026,Approved,1 Gascoyne Way Truganina VIC 3029,"onmarket - $720,000 - $730,000",$700+,,"$710,000 – $720,000","3
2
0",N/A,$510 - $550,500,Individual,2008,"TBC
TBC
TBC",,,,,,,699be0fdf17ab0a9141185cf,05 Established - 05 Remove no interest - $700+
05 Established,aaditya.m,sachin.p,05 Remove no interest,23/02/2026,23/02/2026,,3 Bynder Lane Medina WA 6167,"offmarket - Offers over $770,000",$700+,,"$750,000 – $760,000","3
2
2",N/A,$620 - $660,230,Green,2015,"TBC
TBC
TBC",,,,,,,699bf540b74cbd6906846a45,05 Established - 05 Remove no interest - $700+
05 Established,aaditya.m,sachin.p,05 Remove no interest,24/02/2026,24/02/2026,Approved,118 Cammillo Rd Camillo WA 6111,"offmarket - Offers over $770,000",$700+,"TERRY SCHEER SAID INSURANCE IS $3,600 - Sachin advised to change to $2,500.
Video walkthrough available from Sachin","$770,000 – $775,000","3
1
0",$670,$650 - $700,732,Green,1980,"TBC
TBC
TBC",,,,,,,699ce8c5c81aef24cda10135,05 Established - 05 Remove no interest - $700+
05 Established,brandon.l,brandon.l,05 Remove no interest,24/02/2026,24/02/2026,,15 Anson St Bentley Park QLD 4869,"onmarket - Offers Over $799,000",$700+,"Tenanted at $720pw until Jan 2026 - very nice build, inline with valuations and comparables to support. Can obtain $815-820k - can work on negotiating earlier if required.","$815,000 – $825,000","4
2
2",$720,$750 - $780,675,Torrens,2010,"Fletcher Hanson
fletcherhanson@industryestateagents.com.au
+61 4 47 553 074",,,,,,,699d08a6ea3d9713a767eea7,05 Established - 05 Remove no interest - $700+
05 Established,brandon.l,brandon.l,05 Remove no interest,23/02/2026,23/02/2026,Approved,13 Brampton Cl Craigieburn VIC 3064,"onmarket - 730,000 - $760,000",$700+,"Closing from $740k-750k today. Moments away from Craigieburn sports stadium and closeby to craigieburn train station. Located in cul-de-sac location, high OO ratio. Good value, RPDATA $745K, comparables under 1km higher 700k's.","$745,000 – $760,000","3
2
2",$560,$540 - $590,651,Torrens,1980,"Frankie Azzopardi
frankie.azzopardi@raywhite.com
+61 4 21 145 194",,,,,,,699bdeb5a5bce60c85f1280b,05 Established - 05 Remove no interest - $700+
05 Established,jessica.k,jessica.k,05 Remove no interest,16/03/2026,16/03/2026,Approved,69 Imperial Cct Eli Waters QLD 4655,"onmarket - From $780,000",$700+,Quit street Corner block roundabout,"$790,000 – $800,000","4
2
2",$650,$650 - $670,635,Torrens,2019,"Paige
TBC
TBC",,,,,,,69a65013b07a1b666870344b,05 Established - 05 Remove no interest - $700+
05 Established,jessica.k,jessica.k,06 Remove lost,5/05/2026,5/05/2026,,607 Pleasant St South Redan VIC 3350,"offmarket - From $480,000",$300-500k,Please note there is a power line out the front of the property. ( NOT High Voltage ),"$470,000 – $480,000","2
1
1",N/A,$390 - $420,259,Individual,2000,"Paige
TBC
TBC",,,,,,,69f939cc7aeb051a43adc69f,05 Established - 06 Remove lost - $300-500k
05 Established,aaditya.m,aaditya.m,06 Remove lost,1/05/2026,1/05/2026,Approved,"Unit 6 36 Kent St, West Gladstone West Gladstone QLD 4680","offmarket - Offers over $390,000",$300-500k,,"$375,000 – $385,000","2
1
1",$430,$430 - $475,151,Strata,1982,"TBC
TBC
TBC",,,,,,,69f19559d664b23002f45055,05 Established - 06 Remove lost - $300-500k
05 Established,jessica.k,jessica.k,06 Remove lost,24/04/2026,24/04/2026,Approved,"279B Fifth St, Wonthella wa 6530","onmarket - From $420,000",$300-500k,The entire duplex sits on a land size of 1012 m2 and the land around each duplex half is common property so it belongs to both the front and the back owners. The carports are for the exclusive use of each owner and there may be some potential to develop the balance of the lot at the back that is unused. (in conjunction with the front owner),"$450,000 – $460,000","2
1
0",N/A,$430 - $450,506,Built Strata,1987,"Henry
TBC
TBC",,,,,,,69d875dfec0173058aa0da98,05 Established - 06 Remove lost - $300-500k
05 Established,aaditya.m,aaditya.m,06 Remove lost,27/02/2026,27/02/2026,Approved,"7/9 CRUSOE RD, KANGAROO FLAT KANGAROO FLAT VIC 3555","onmarket - Offers over $420,000",$300-500k,,"$420,000 – $430,000","2
1
0",$420,$400 - $430,261,Strata,1985,"Kaylene Disher
kaylene@propertyplusre.com.au
TBC",,,,,,,69a100063b2de9d249112372,05 Established - 06 Remove lost - $300-500k
05 Established,jessica.k,jessica.k,06 Remove lost,7/04/2026,7/04/2026,Approved,"Unit 1, 461 Douglas Rd Lavington NSW 2641",offmarket - From $365.000,$300-500k,Please note that the satellite view with the blue tarp is over 4 years old.,"$355,000 – $365,000","2
1
0",$330,$360 - $390,104,Strata,1980,"Lucinda
TBC
TBC",,,,,,,69d499b56c74f4d1e97670d9,05 Established - 06 Remove lost - $300-500k
05 Established,jessica.k,jessica.k,06 Remove lost,1/04/2026,1/04/2026,Approved,6 Earle Pl Utakarra WA 6530,"onmarket - From $450,000",$300-500k,"Water rates $ 1395.00 per year NOT connected to deep sewer
Buyers please note that the property is ready for new floor coverings however, these will not be installed by the current owner. (Approximately $5,500)","$460,000 – $470,000","3
1
0",$450,$460 - $500,824,Green,1979,"Henry
TBC
TBC",,,,,,,69cca7ca5ef01e1733f20402,05 Established - 06 Remove lost - $300-500k
05 Established,jessica.k,jessica.k,06 Remove lost,19/03/2026,19/03/2026,Approved,58 Mann St Armidale NSW 2350,"offmarket - From $469,000",$300-500k,"Please note that the tenants have been managed by the vendor. The agent has advised that there is about $3-$5k of work that needs to be done, the vendor isn't about to afford these repairs and it's reflected in the price. ( first toilet not working, second toilet leaking, bathroom tape leaking, shower screen needs silicone) 
walkthrough video and a quote from the plumber coming on Friday.","$459,000 – $469,000","3
1.5
1",$465,$480 - $500,1008,Torrens,1950,"Peter
TBC
TBC",,,,,,,69bb63aef891cea5156c4489,05 Established - 06 Remove lost - $300-500k
05 Established,aaditya.m,aaditya.m,06 Remove lost,25/02/2026,25/02/2026,Approved,61 Eleventh St Mildura vic 3500,"offmarket - Off market offers over $470,000",$300-500k,"Confirming whether this is individual title. Most likely individual title.
Private tenants keen to stay on at same price.
On main road
50m approx away from railway tracks - selling agent says trains run through 3 times a week","$460,000 – $470,000","4
2
0",$550,$530 - $570,448,Individual,1950,"TBC
TBC
TBC",,,,,,,699e7f97512a49174ead3121,05 Established - 06 Remove lost - $300-500k
05 Established,jessica.k,jessica.k,06 Remove lost,19/02/2026,19/02/2026,Approved,172 Eighth St Mildura VIC 3500,"onmarket - $389,000 - $425,000",$300-500k,,"$425,000 – $435,000","2
1
1",$380,$390 - $430,208,Owners Corp/Community,2002,"Carol
TBC
TBC",,,,,,,69969b8ca4f431772800bae8,05 Established - 06 Remove lost - $300-500k
05 Established,brandon.l,brandon.l,06 Remove lost,23/03/2026,23/03/2026,Approved,21 Johnstone Av Murray Bridge SA 5253,"onmarket - Best Offer - $450,000",$300-500k,"Brand new kitchen with pantry, dishwasher, modern bathroom, air-conditioner from lounge room and all bedrooms. New timber floors throughout. Property also includes: rainwater storage, garden shed, energy efficient hot water service with unrestricted height vehicle access to rear yard.","$460,000 – $470,000","3
1
0",$350,$425 - $450,544,Torrens,1975,"Peter Aunger
TBC
+61 4 18 813 131",,,,,,,69c0bdca1d186d2a14cdfd01,05 Established - 06 Remove lost - $300-500k
05 Established,jessica.k,jessica.k,06 Remove lost,12/05/2026,12/05/2026,Approved,"Unit 2, 22 Incarnie Cr Wagga Wagga NSW 2650","onmarket - From $499,000",$500-700k,"Please note that as there is no body corp, I've added full insurance on the cashflow sheet","$510,000 – $520,000","2
1
1",$410,$415 - $450,115,Owners Corp/Community,1987,"Marnie
TBC
TBC",,,,,,,6a02d990db55570b6e12ff44,05 Established - 06 Remove lost - $500-700k
05 Established,jessica.k,jessica.k,06 Remove lost,14/05/2026,14/05/2026,,8 Ebelina Cr Parkes NSW 2870,"onmarket - From $560,000",$500-700k,Please note 24 PATERSON STREET PARKES NSW 2870 is the closest comp for 3-bed brick homes built in the 90's,"$550,000 – $560,000","3
1
1",$440,$450 - $485,669,Torrens,1995,"Tania
TBC
TBC",,,,,,,6a05200c384652660ff02f83,05 Established - 06 Remove lost - $500-700k
05 Established,brandon.l,brandon.l,06 Remove lost,30/04/2026,30/04/2026,Approved,35 Bulimba St Tannum Sands QLD 4680,"offmarket - Offers Over $665,000",$500-700k,"Can close $665k, will start 660k - owner needs sale to go through before June. Expected settlement 25th May. Current up for rent at $550pw, agents looking to get $580pw. can make this subject to proceeding.","$665,000 – $675,000","4
2
2",N/A,$560 - $590,313,Torrens,2015,"Viona Madea
vmadea@exploreproperty.com.au
TBC",,,,,,,69f04f5c9790c041f1022aba,05 Established - 06 Remove lost - $500-700k
05 Established,brandon.l,brandon.l,06 Remove lost,29/04/2026,29/04/2026,Approved,UNIT 4 292 Guildford Rd Maylands WA 6051,"onmarket - Offers from mid $600,000",$500-700k,"TO NOTE: Ground floor unit, body corp inc in strata. This property is nearby to main road & bus stop. Presenting as this is for specific cash flow client.","$645,000 – $660,000","2
1
1",$480,$700 - $720,122,Strata,2020,"laura brown
TBC
TBC",,,,,,,69f185f950d39c0b6786f8e4,05 Established - 06 Remove lost - $500-700k
05 Established,jessica.k,jessica.k,06 Remove lost,5/05/2026,5/05/2026,Approved,30 Humphrey St Waverley TAS 7250,"offmarket - From $570,000",$500-700k,"Please note that the CMA has weatherboard and brick properties. 
The vendors would like to rent back for 6 months at $550 pw","$560,000 – $570,000","3
1
0",N/A,$500 - $550,596,Torrens,1962,"Kyle
TBC
TBC",,,,,,,69f834fb545830a6f18c4f99,05 Established - 06 Remove lost - $500-700k
05 Established,jessica.k,jessica.k,06 Remove lost,8/05/2026,8/05/2026,Approved,"Unit 5, 143 Brown St Armidale nsw 2350","offmarket - From $500,000",$500-700k,"Please note the are not real comps for a 3bedroom townhouse/villa 
No internal photos please look at the video","$490,000 – $500,000","3
1
2",N/A,$450 - $480,359,Strata,1980,"Kyle
TBC
TBC",,,,,,,69fc2c54372b666b59704295,05 Established - 06 Remove lost - $500-700k
05 Established,brandon.l,brandon.l,06 Remove lost,30/04/2026,30/04/2026,Approved,9 Allison St West Gladstone QLD 4680,"onmarket - Offers over $530,000",$500-700k,"2001 build, new ceiling fans throughout, upgraded switchboard and roof replaced 20 years ago.","$530,000 – $545,000","3
1
2",N/A,$460 - $480,708,Torrens,2001,"Jess Bray
TBC
TBC",,,,,,,69f2cbe8463d305ed03ec661,05 Established - 06 Remove lost - $500-700k
05 Established,jessica.k,jessica.k,06 Remove lost,22/04/2026,22/04/2026,Approved,15 James St Kooringal NSW 2650,"offmarket - From $630,000",$500-700k,Getting a walkthrough next week,"$620,000 – $630,000","3
1
1",$450,$520 - $570,738,Torrens,1980,"Paul
TBC
TBC",,,,,,,69e85c9d29dc3463eff83588,05 Established - 06 Remove lost - $500-700k
05 Established,jessica.k,jessica.k,06 Remove lost,5/05/2026,5/05/2026,,41 North St Armidale NSW 2350,"offmarket - From $640,000",$500-700k,,"$630,000 – $640,000","3
1.5
0",N/A,$500 - $540,800,Torrens,1980,"Chris
TBC
TBC",,,,,,,69f95ce999aebf76a66e4709,05 Established - 06 Remove lost - $500-700k
05 Established,james.m,james.m,06 Remove lost,12/05/2026,12/05/2026,Approved,9 Cockshell St Davoren Park SA 5113,onmarket - 650000 - 680000,$500-700k,,"$640,000 – $650,000","3
1
1",N/A,$540 - $560,327,Torrens,2014,"TBC
TBC
TBC",,,,,,,6a02d03a3f1fad1b6b8167ee,05 Established - 06 Remove lost - $500-700k
05 Established,jessica.k,jessica.k,06 Remove lost,30/04/2026,30/04/2026,Approved,"Unit 3, 17 Hill St Sebastopol vic 3356","offmarket - From $500,000",$500-700k,"Please note next door sold in Jan for $467,000","$490,000 – $500,000","3
2
2",N/A,$400 - $450,229,Strata,2015,"Paige
TBC
TBC",,,,,,,69e968d076c4cb198d356db2,05 Established - 06 Remove lost - $500-700k
05 Established,jessica.k,jessica.k,06 Remove lost,28/04/2026,28/04/2026,Approved,"Unit 2, 5 Fincham St Mount Pleasant VIC 3350","offmarket - From $500,000",$500-700k,,"$490,000 – $500,000","3
1
2",$375,$400 - $420,281,Strata,2014,"Matt
TBC
TBC",,,,,,,69f030afc95de4a776f549da,05 Established - 06 Remove lost - $500-700k
05 Established,jessica.k,jessica.k,06 Remove lost,8/04/2026,8/04/2026,,5 Hancock St Wendouree VIC 3355,"offmarket - From $570,000",$500-700k,"Please note this property is located behind Forest Street Primary School, one of Ballarat's most sought-after primary schools, as they only take under 300 children","$560,000 – $570,000","3
1
1",N/A,$400 - $440,782,Individual,1970,"Paige
TBC
TBC",,,,,,,69d5bbd3b8b3134068a63c9c,05 Established - 06 Remove lost - $500-700k
05 Established,jessica.k,jessica.k,06 Remove lost,20/04/2026,20/04/2026,,8 Sackville St Miners Rest VIC 3352,"offmarket - From $605,000",$500-700k,,"$595,000 – $605,000","3
2
2",N/A,$470 - $480,448,Individual,2011,"Paige
TBC
TBC",,,,,,,69e5b378ddf3d83254292ca4,05 Established - 06 Remove lost - $500-700k
05 Established,brandon.l,brandon.l,06 Remove lost,20/04/2026,20/04/2026,Approved,39 Connolly St Rangeway WA 6530,"onmarket - From $625,000",$500-700k,,"$630,000 – $645,000","3
2
2",N/A,$550 - $580,809,Torrens,2022,"Emily Brennan
TBC
TBC",,,,,,,69e57d87977efc20e17e419c,05 Established - 06 Remove lost - $500-700k
05 Established,aaditya.m,aaditya.m,06 Remove lost,14/04/2026,14/04/2026,Approved,12 Insignia Av Andrews Farm SA 5114,"onmarket - Offers over $599,000",$500-700k,,"$610,000 – $620,000","3
1
1",$520,$520 - $570,448,Torrens,1992,"TBC
TBC
TBC",,,,,,,69dd9c1685855c184f264129,05 Established - 06 Remove lost - $500-700k
05 Established,jessica.k,jessica.k,06 Remove lost,15/04/2026,15/04/2026,,"35B Willow Av, Murray Bridge Murray Bridge SA 5253","prelaunch_opportunity - From $580,000",$500-700k,,"$570,000 – $580,000","3
1
0",N/A,$480 - $530,316,Owners Corp/Community,2009,"Jack
TBC
TBC",,,,,,,69ded8c66a66a13f83ab7005,05 Established - 06 Remove lost - $500-700k
05 Established,jessica.k,jessica.k,06 Remove lost,20/04/2026,20/04/2026,Approved,60 Temora St Gracemere QLD 4702,"offmarket - From $685,000",$500-700k,Both bathrooms are being renovated and will be finished next week.,"$675,000 – $685,000","4
2
2",$500,$600 - $650,600,Torrens,2013,"Tamara
TBC
TBC",,,,,,,69e5a14bb1a57806b786cbaf,05 Established - 06 Remove lost - $500-700k
05 Established,jessica.k,jessica.k,06 Remove lost,15/04/2026,15/04/2026,Approved,26 Buxton Dr Gracemere QLD 4702,"onmarket - From $630,000",$500-700k,Please note that the vendor is open to a longer settlement. The vanity in the bathroom will be replaced.,"$630,000 – $640,000","3
1
1",$470,$500 - $550,800,Torrens,2002,"Tamara
TBC
TBC",,,,,,,69def6f678005312f1910648,05 Established - 06 Remove lost - $500-700k
05 Established,jessica.k,jessica.k,06 Remove lost,15/04/2026,15/04/2026,Approved,30 Macarthur St Ashmont NSW 2650,"onmarket - From $590,000",$500-700k,,"$630,000 – $640,000","3
2
1",N/A,$510 - $560,696,Torrens,1970,"Gill
TBC
TBC",,,,,,,69df3b735427f207e9819dbe,05 Established - 06 Remove lost - $500-700k
05 Established,john.t,john.t,06 Remove lost,18/04/2026,18/04/2026,Approved,57 Mackenzie Dr Maroochydore QLD 4558,"onmarket - Offers over $650,000",$500-700k,TEST RECORD,"$635,000 – $650,000","4
2
1",$600,$620 - $660,345,Torrens,2016,"TBC
TBC
TBC",,,,,,,69e2d1a0f4c5821ee9ca28d2,05 Established - 06 Remove lost - $500-700k
05 Established,jessica.k,jessica.k,06 Remove lost,30/03/2026,30/03/2026,Approved,33 Northcott St Armidale NSW 2350,"offmarket - From $550,000",$500-700k,Please note that the rental CMA is a mix of weatherboard and brick,"$540,000 – $550,000","3
1
0",$400,$400 - $450,821,Torrens,1980,"Frazer
TBC
TBC",,,,,,,69c9ed734a4d5b02c6520e87,05 Established - 06 Remove lost - $500-700k
05 Established,jessica.k,jessica.k,06 Remove lost,10/04/2026,10/04/2026,Approved,13 Birch Cr Armidale NSW 2350,"offmarket - From $595,000",$500-700k,,"$585,000 – $595,000","3
1
2",N/A,$500 - $530,735,Torrens,2000,"Jeromy
TBC
TBC",,,,,,,69d784a3466b31b82e05d88e,05 Established - 06 Remove lost - $500-700k
05 Established,aaditya.m,aaditya.m,06 Remove lost,7/04/2026,7/04/2026,Approved,8 Naomi Way Karloo WA 6530,"onmarket - Offers over $529,000",$500-700k,,"$530,000 – $540,000","3
1
2",$480,$460 - $500,686,Green,1995,"TBC
TBC
TBC",,,,,,,69ce0bc71704d2b40e8d9104,05 Established - 06 Remove lost - $500-700k
05 Established,jessica.k,will.e,06 Remove lost,10/04/2026,10/04/2026,Approved,5 Hawke Pl Murray Bridge SA 5253,"prelaunch_opportunity - $535,000",$500-700k,Will is confirming if there is strata or Torrens title,"$525,000 – $535,000","2
1
1",$345,$420 - $460,347,Tbc,2004,"TBC
TBC
TBC",,,,,,,69d88b73deab0c3f757e70f2,05 Established - 06 Remove lost - $500-700k
05 Established,jessica.k,jessica.k,06 Remove lost,2/04/2026,2/04/2026,,38 Warrawong St Kooringal NSW 2650,"offmarket - From $665,000",$500-700k,,"$655,000 – $665,000","3
1
1",535,$540 - $570,620,Torrens,1970,"Paul
TBC
TBC",,,,,,,69cdfe5813bed004c1f74d52,05 Established - 06 Remove lost - $500-700k
05 Established,brandon.l,brandon.l,06 Remove lost,18/03/2026,18/03/2026,Approved,19 Redgum Dr Kirkwood QLD 4680,offmarket - Off Market Opportunity,$500-700k,"Under bushfire zone, insurance is only 2.4k - very good comparables, same street properties have sold for mid 700k's. Confirming when photos will be provided - firming price today expectations is at $675k","$675,000 – $685,000","4
2
2",N/A,$560 - $590,657,Torrens,2012,"Natasha
TBC
+61 4 47 109 832",,,,,,,69b9f7205b13b67fdc814d0c,05 Established - 06 Remove lost - $500-700k
05 Established,aaditya.m,aaditya.m,06 Remove lost,30/03/2026,30/03/2026,Approved,17 Stuart Av Mildura VIC 3500,"offmarket - Offers over $500,000",$500-700k,Awaiting video walkthrough and rental info,"$490,000 – $500,000","3
1
0",$420,$440 - $490,689,Individual,1950,"Jones Ntungwanayo
TBC
+61 4 02 529 868",,,,,,,69c9ee578483884bcc903271,05 Established - 06 Remove lost - $500-700k
05 Established,jessica.k,jessica.k,06 Remove lost,24/03/2026,24/03/2026,,321 Eighth St Mildura VIC 3500,"onmarket - $500,000 - $550,000",$500-700k,,"$555,000 – $565,000","3
2
1",N/A,$500 - $550,326,Strata,2007,"Sarah
TBC
TBC",,,,,,,69c222c2312af4b09767245f,05 Established - 06 Remove lost - $500-700k
05 Established,jessica.k,jessica.k,06 Remove lost,30/03/2026,30/03/2026,Approved,119 Ariadne St Maryborough QLD 4650,"onmarket - $590,000",$500-700k,,"$580,000 – $590,000","3
1
0",N/A,$550 - $600,1012,Torrens,1993,"Tina
TBC
TBC",,,,,,,69c4c27b94179c4f21ad3365,05 Established - 06 Remove lost - $500-700k
05 Established,aaditya.m,aaditya.m,06 Remove lost,23/03/2026,23/03/2026,Approved,3/19 Apollo Crescent Dallas VIC 3047,"onmarket - On market offers between $530,000 to $580,000",$500-700k,,"$565,000 – $575,000","3
2
1",N/A,$570 - $600,132,Strata,2023,"TBC
TBC
TBC",,,,,,,69bcc5eef891ce1abb72c279,05 Established - 06 Remove lost - $500-700k
05 Established,jessica.k,jessica.k,06 Remove lost,23/03/2026,23/03/2026,Approved,347 Queen St Maryborough qld 4650,"offmarket - From $685,000",$500-700k,"Please note that the property has had a full reno. 
CMA has brick and weatherboard","$675,000 – $685,000","3
1
1",N/A,$570 - $610,809,Torrens,1989,"Tina
TBC
TBC",,,,,,,69c0ca731946191af4039101,05 Established - 06 Remove lost - $500-700k
05 Established,jessica.k,jessica.k,06 Remove lost,19/03/2026,19/03/2026,,"Unit 1, 30 Brewery Lane Armidale NSW 2350","prelaunch_opportunity - From $500,000",$500-700k,"Please note that due to style and age of the property, there are only 3 recent sales. 
Vendor is managing the property. 
Selling due to a change of circumstances.","$490,000 – $500,000","2
1
1",$430,$430 - $460,248,Strata,2007,"Rhy
TBC
TBC",,,,,,,69bcb98fa9a8687d8b27e7f0,05 Established - 06 Remove lost - $500-700k
05 Established,jessica.k,jessica.k,06 Remove lost,23/03/2026,23/03/2026,Approved,"Unit 1, 30 Brewery Lane Armidale NSW 2350","prelaunch_opportunity - From $500,000",$500-700k,"Please note that due to style and age of the property, there are only 3 recent sales. 
Vendor is managing the property. 
Selling due to a change of circumstances.","$490,000 – $500,000","2
1
1",$430,$430 - $460,248,Strata,2007,"Rhy
TBC
TBC",,,,,,,69bb442e68d6d09a14367413,05 Established - 06 Remove lost - $500-700k
05 Established,jessica.k,jessica.k,06 Remove lost,20/03/2026,20/03/2026,Approved,21 Anson St Waverley TAS 7250,"offmarket - From $570,000",$500-700k,"Please note that there are currently no 3 bedroom properties for sale or rent in the suburb. 
recently renovated. 
Front deck to be removed.","$560,000 – $570,000","3
1
1",N/A,$500 - $550,575,Torrens,1975,"Kyle
TBC
TBC",,,,,,,69bcab377e0a7c5513334b4b,05 Established - 06 Remove lost - $500-700k
05 Established,jessica.k,jessica.k,06 Remove lost,20/03/2026,20/03/2026,Approved,100 Larter St Golden Point (ballarat) VIC 3350,"offmarket - From $540,000",$500-700k,Please note the CMA has a mix of brick and weatherboard,"$530,000 – $540,000","3
1
1",N/A,$390 - $440,314,Individual,2005,"Matt
TBC
TBC",,,,,,,69bb964b781e1c8bc965dc8c,05 Established - 06 Remove lost - $500-700k
05 Established,aaditya.m,aaditya.m,06 Remove lost,2/03/2026,2/03/2026,Approved,6 Laver St West Gladstone QLD 4680,"onmarket - Offers over $630,000",$500-700k,,"$650,000 – $660,000","4
2
2",N/A,$570 - $610,610,Torrens,1970,"James Bailey
TBC
TBC",,,,,,,699660390cad9366ec6496e2,05 Established - 06 Remove lost - $500-700k
05 Established,brandon.l,brandon.l,06 Remove lost,18/03/2026,18/03/2026,Approved,24 Christina Rd Clinton QLD 4680,"onmarket - Offers Over $625,000",$500-700k,"Looking to close tomorrow, form2 expected today 17/03. Current offer at $650,000 can close around this figure. Property is slightly on the more expensive side, comparables to stack. No rear neighbours, close to Clinton state school and shopping complex.","$650,000 – $665,000","4
2
2",N/A,$560 - $600,400,Torrens,2012,"Carly Thomas
TBC
+61 4 77 697 727",,,,,,,69b89391e5bf5f7dd68229f5,05 Established - 06 Remove lost - $500-700k
05 Established,jessica.k,jessica.k,06 Remove Lost,17/03/2026,17/03/2026,Approved,22 Glass St Armidale NSW 2350,"offmarket - From $550,000",$500-700k,"Walkthrough video in the drive. Spa not sold with the property. 
Across the road is uniting care armidale","$540,000 – $550,000","3
1
2",N/A,$480 - $525,739,Torrens,1989,"Frazer
TBC
TBC",,,,,,,69af6c5e25eef07e45268cd1,05 Established - 06 Remove Lost - $500-700k
05 Established,jessica.k,jessica.k,06 Remove Lost,17/03/2026,17/03/2026,Approved,63 Leavenworth Dr Mount Austin NSW 2650,"prelaunch_opportunity - From $590,000",$500-700k,Going online tomorrow,"$620,000 – $630,000","3
1
0",$470,$490 - $530,656,Torrens,1970,"Paige
TBC
TBC",,,,,,,69afb58e62b2bb62ce405cd0,05 Established - 06 Remove Lost - $500-700k
05 Established,jessica.k,jessica.k,06 Remove lost,16/03/2026,16/03/2026,Approved,1 Sim St Mount Gambier SA 5290,"onmarket - $489,000 - $519,000",$500-700k,,"$515,000 – $525,000","3
1
1",N/A,$385 - $430,662,Torrens,1960,"TBC
TBC
TBC",,,,,,,69a667f8174e0dde75396ff9,05 Established - 06 Remove lost - $500-700k
05 Established,john.t,jessica.k,06 Remove lost,15/03/2026,15/03/2026,Approved,5 Croydon St Petersham nsw 2049,offmarket - Offers,$500-700k,"test
test
test","$560,000 – $600,000","5
3
2",N/A,$560 - $600,432,Strata,2019,"TBC
TBC
TBC",,,,,,,699d5a061658e1256368173b,05 Established - 06 Remove lost - $500-700k
05 Established,jessica.k,jessica.k,06 Remove lost,18/02/2026,18/02/2026,Approved,19 Christensen Cr Maryborough QLD 4650,"prelaunch_opportunity - From $499,000",$500-700k,,"$510,000 – $520,000","3
1
2",$350,$520 - $560,607,Torrens,1994,"Grant
TBC
TBC",,,,,,,69955307ad5f9b087677484c,05 Established - 06 Remove lost - $500-700k
05 Established,brandon.l,brandon.l,06 Remove lost,23/02/2026,23/02/2026,Approved,"49A Montana Dr, Mildura Mildura VIC 3500","onmarket - $500,000 - $550,000",$500-700k,"Property closing end of day, currently highest offer to close negotiation from $545k-550k. Vacant with opportunity for tenancy around 490pwm 3x2 brick home highly owner occupied in this street - use photos as reference.","$550,000 – $560,000","3
2
2",N/A,$490 - $500,301,Torrens,2012,"Zoe Gladigau
zgladigau@barryplant.com.au
+61 4 47 311 765",,,,,,,699b9d56a5bce61205efca4b,05 Established - 06 Remove lost - $500-700k
05 Established,jessica.k,jessica.k,06 Remove lost,19/02/2026,19/02/2026,Approved,446 Kotthoff St Lavington NSW 2641,"offmarket - From $530,000",$500-700k,Please note the vendor will rent back for three months at $500 per week.,"$520,000 – $530,000","2
1
1",N/A,$470 - $520,241,Torrens,2012,"Rahul
TBC
TBC",,,,,,,699666b556f4d8c76f4bf4a6,05 Established - 06 Remove lost - $500-700k
05 Established,brandon.l,brandon.l,06 Remove lost,17/02/2026,17/02/2026,,12 Alpha St Calliope QLD 4680,"onmarket - Offers over $499,000",$500-700k,"NOTE TO BA: Vacant 3x1 with carport - Competitive rental return - current offer $518,000 RPDATA val at $525k. Property is closing 4pm today, I advise acceptance prior to presenting. Will update team today.","$520,000 – $530,000","3
1
0",N/A,$500 - $530,688,Torrens,1991,"Stacey Marjoram
stacey@callioperealestate.com.au
+61 4 38 728 769",,,,,,,6993ce4d0ad509b74cfd6300,05 Established - 06 Remove lost - $500-700k
05 Established,jessica.k,jessica.k,06 Remove lost,16/02/2026,16/02/2026,Approved,14 Eaton St Ashmont NSW 2650,"onmarket - Offers From $595,000",$500-700k,"3 Eaton Street, Ashmont, NSW 2650 is a 3bed 2 bath 2 car on a 717sqm offers over $675K","$625,000 – $635,000","4
2
2",N/A,$520 - $560,684,Torrens,1991,"Paul Irvine
TBC
TBC",,,,,,,6992b9912e2abe726fff1a8d,05 Established - 06 Remove lost - $500-700k
05 Established,jessica.k,jessica.k,06 Remove lost,12/02/2026,12/02/2026,,2 Hirt Av Murray Bridge SA 5253,"onmarket - $565,000 - $585,000",$500-700k,"Please note that there is 20% Social Housing. The dishwasher and carpets need to be replaced. 
Vendor wants to move quickly","$575,000 – $585,000","4
1
0",N/A,$490 - $520,575,Torrens,1980,"Michael Cox
michael.cox@murraylands.rh.com.au
TBC",,,,,,,698d4deaa90e52308a971e1f,05 Established - 06 Remove lost - $500-700k
05 Established,jessica.k,jessica.k,06 Remove lost,11/02/2026,11/02/2026,Approved,32 Chifley Cr Kooringal NSW 2650,"offmarket - $515,000 - $545,000",$500-700k,"Deal accepted at $548,500
Please note there is 28.9% social housing","$545,000 – $555,000","3
1
1",N/A,$510 - $530,711,Torrens,1960,"Dayna Kahlefeldt
dayna@fitzpatricks.com.au
+61 4 33 669 115",,,,,,,698c279fb779189deea9df32,05 Established - 06 Remove lost - $500-700k
05 Established,jessica.k,jessica.k,06 Remove lost,12/02/2026,12/02/2026,,8 James St Kooringal NSW 2650,"onmarket - $529,000",$500-700k,,"$550,000 – $556,000","3
1
1",$420,$480 - $525,675,Torrens,1980,"TBC
TBC
TBC",,,,,,,698d65891ef896257fe1662f,05 Established - 06 Remove lost - $500-700k
05 Established,brandon.l,brandon.l,06 Remove lost,17/02/2026,17/02/2026,,"Unit 1, 65 Leicester St Mildura VIC 3500","onmarket - $455,000 - $500,000",$500-700k,"Offer is pending acceptance, 400pq body corp incl builders insurance. Good yield at 520pw until June with intentions of renewing. 3x2 brick, 565k purchase with 505k offer.","$520,000 – $530,000","3
2
2",$520,$520 - $540,335,Strata,2011,"adriano aiello
adriano.aiello@raywhite.com
+61 4 38 075 747",,,,,,,6993f6fc9622591484e590c7,05 Established - 06 Remove lost - $500-700k
05 Established,brandon.l,brandon.l,06 Remove lost,13/05/2026,13/05/2026,Approved,"Units A,B, 30 Mount Glorious St Park Ridge QLD 4125","offmarket - Offers from $1,090,000",$700+,,"$1,080,000 – $1,130,000","4 + 2
2 + 1
1 + 1","$1,090","$1,110 - $1,130",376,Torrens,2022,"Tulio Fontes
TBC
TBC",,,,,,,6a040fb9db5557c7621d1597,05 Established - 06 Remove lost - $700+
05 Established,aaditya.m,sachin.p,06 Remove lost,15/05/2026,15/05/2026,Approved,48 Jerrail St Yanchep WA 6035,"onmarket - Offers over $849,000",$700+,,"$860,000 – $870,000","4
2
2",N/A,$670 - $720,512,Torrens,2015,"TBC
TBC
TBC",,,,,,,6a0677ff0f14a369b559b40b,05 Established - 06 Remove lost - $700+
05 Established,jessica.k,jessica.k,06 Remove lost,1/05/2026,1/05/2026,Approved,"Units 1,2, RETROP 375 Richardson Rd, Norman Gardens QLD 4701","onmarket - From $349,000 Each",$700+,Please note that units 1 & 2 are being sold separately or together. Rates are combined $8324 p.a,"$780,000 – $800,000","2 + 2
1 + 1
0 + 0",$770,$820 - $900,600,Strata,1982,"Jessica
TBC
TBC",,,,,,,69f42d77e429613383c1f5aa,05 Established - 06 Remove lost - $700+
05 Established,aaditya.m,aaditya.m,06 Remove lost,17/04/2026,17/04/2026,Approved,34 Bronco Cr Gracemere QLD 4702,"onmarket - Offers over $649,000",$700+,,"$695,000 – $705,000","4
2
2",$550,$570 - $620,590,Torrens,2013,"TBC
TBC
TBC",,,,,,,69e1a8844d0ba977cbc10536,05 Established - 06 Remove lost - $700+
05 Established,jessica.k,jessica.k,06 Remove lost,20/04/2026,20/04/2026,Approved,"Units 1,2, 22 Noack St Harristown QLD 4350","onmarket - From $899,000",$700+,"Electricity is separately metered, water isn't","$930,000 – $940,000","2 + 2
1 + 1
1 + 1",$800,$840 - $900,688,Torrens,1999,"Tye
TBC
TBC",,,,,,,69e58cbab1a5782b82863f8f,05 Established - 06 Remove lost - $700+
05 Established,jessica.k,jessica.k,06 Remove lost,9/04/2026,9/04/2026,Approved,50 Messenger Av Boorooma NSW 2650,"offmarket - From $710,000",$700+,"Please note that only one similar property, size and age has sold in the suburb in the last 6 months","$700,000 – $710,000","3
1
2",N/A,$600 - $650,760,Torrens,2010,"Paul
TBC
TBC",,,,,,,69d608f823edf00ed56faab0,05 Established - 06 Remove lost - $700+
05 Established,jessica.k,jessica.k,06 Remove lost,16/03/2026,16/03/2026,Approved,"Units 1 & 2, 321 Blanchfield St Koongal QLD 4701","Off-market - From $770,000",$700+,,"$760,000 - $770,000","2 + 2
1 + 1",700,$760 - $840,609,Strata,1980,"Tom
TBC
TBC",,,,,,,699f86b3fb12554352949c3c,05 Established - 06 Remove lost - $700+
05 Established,jessica.k,jessica.k,06 Remove lost,8/04/2026,8/04/2026,Approved,"Units 1,2, 9 Colin Cr Armidale nsw 2350","offmarket - From $945,000",$700+,"Please note the CMA has older 1-bedroom units, as there isn't a newer one that has sold in the last 6 months","$935,000 – $945,000","4 + 1
2 + 1
2 + 0",$950,"$960 - $1,000",907,Torrens,2024,"Kyle
TBC
TBC",,,,,,,69c61bb1e3a69e4d30f46abe,05 Established - 06 Remove lost - $700+
05 Established,aaditya.m,sachin.p,06 Remove lost,21/04/2026,,Approved,7 Pioneer Way Eyre SA 5121,"offmarket - Offers over $750,000",$700+,,"$750,000 – $760,000","4
2
2",$600,$625 - $680,480,Torrens,2014,"TBC
TBC
TBC",,,,,,,69e6e54092017da76419eff7,05 Established - 06 Remove lost - $700+
05 Established,jessica.k,jessica.k,06 Remove lost,17/04/2026,17/04/2026,Approved,"Units 1,2, 11 Colin Cr Armidale NSW 2350","offmarket - From $950,000",$700+,,"$940,000 – $950,000","4 + 1
2 + 1
1 + 0",$945,"$970 - $1,050",737,Torrens,2024,"Kyle
TBC
TBC",,,,,,,69e06f64b44eb23079ca82b1,05 Established - 06 Remove lost - $700+
05 Established,jessica.k,jessica.k,06 Remove lost,16/04/2026,16/04/2026,Approved,"1B Capstan Dr, Dubbo NSW 2830","offmarket - $745,000 - $795,000",$700+,,"$785,000 – $795,000","3
2
2",N/A,$600 - $650,583,Torrens,2022,"Rebecca
TBC
TBC",,,,,,,69e0517e2ad5021f693549b6,05 Established - 06 Remove lost - $700+
05 Established,aaditya.m,aaditya.m,06 Remove lost,22/04/2026,22/04/2026,Approved,8 Roslau St Baldivis WA 6171,"prelaunch_opportunity - Offers over $800,000",$700+,,"$820,000 – $830,000","4
2
2",$630,$670 - $720,375,Green,2023,"TBC
TBC
TBC",,,,,,,69e86711dac661d24da2e679,05 Established - 06 Remove lost - $700+
05 Established,brandon.l,brandon.l,06 Remove lost,24/04/2026,24/04/2026,Approved,37 Apollo Dr Clinton QLD 4680,"onmarket - Offers Over $699,000",$700+,Currently negotiating from 720k,"$720,000 – $735,000","4
2
2",N/A,$620 - $670,750,Torrens,1989,"Michael Byrnes
0405954034
TBC",,,,,,,69eaefca583fa458ca7a3531,05 Established - 06 Remove lost - $700+
05 Established,jessica.k,jessica.k,06 Remove lost,16/04/2026,16/04/2026,Approved,"Units 1,2, 7 Corymbia Cct Heddon Greta NSW 2321","offmarket - From $1,170,000",$700+,"Please note that 1 & 2/21 Corymbia Circuit, Heddon Greta, NSW 2321 sold last month for $1,150,000","$1,160,000 – $1,170,000","3 + 2
2 + 1
1 + 1",$500,"$1,100 - $1,160",535,Torrens,2022,"Nick
TBC
TBC",,,,,,,69e040054a71a86378b75f9e,05 Established - 06 Remove lost - $700+
05 Established,brandon.l,brandon.l,06 Remove lost,15/04/2026,15/04/2026,Approved,"1A Coonong Pl, Armadale Armadale WA 6112",prelaunch_opportunity - Pre-Launch Opportunity,$700+,"off-market with Nicky, trying to close at $710k. be prepared to put in buffer incase","$710,000 – $725,000","4
2
0",N/A,$620 - $650,283,Torrens,2009,"Nicky Rentwest
TBC
TBC",,,,,,,69df3f9051341b1b51fd2e6e,05 Established - 06 Remove lost - $700+
05 Established,jessica.k,jessica.k,06 Remove lost,15/04/2026,15/04/2026,Approved,42 Romney St Pialba QLD 4655,"onmarket - From $689,000",$700+,,"$715,000 – $725,000","3
2
1",N/A,$590 - $630,598,Torrens,2002,"Kim
TBC
TBC",,,,,,,69deb8d6503fec42ab2476ef,05 Established - 06 Remove lost - $700+
05 Established,jessica.k,jessica.k,06 Remove lost,16/04/2026,16/04/2026,Approved,"1B Capstan Dr, Dubbo NSW 2830","offmarket - $745,000 - $795,000",$700+,,"$785,000 – $795,000","3
2
2",N/A,$600 - $650,583,Torrens,2022,"Rebecca
TBC
TBC",,,,,,,69e0517e2ad5021f693549b6,05 Established - 06 Remove lost - $700+
05 Established,john.t,john.t,06 Remove lost,19/04/2026,19/04/2026,Approved,"Units 1-7, 10 Osborne Cct Maroochydore QLD 4558",onmarket - Offers,$700+,TEST RECORD,"$1,900,000 – $1,980,000","14
7
0","$2,155","$3,290 - $3,430",890,Torrens,2017,"TBC
TBC
TBC",,,,,,,69e48fb4ae69abec24e668c4,05 Established - 06 Remove lost - $700+
05 Established,john.t,john.t,06 Remove lost,19/04/2026,19/04/2026,Approved,"Units 1-4, 2 Osborne Cct Maroochydore QLD 4558",onmarket - Offers,$700+,TEST RECORD,"$898,000 – $910,000","9
4
0","$1,185","$1,240 - $1,320",788,Torrens,2019,"TBC
TBC
TBC",,,,,,,69e494149d31b22d0f8f5aa6,05 Established - 06 Remove lost - $700+
05 Established,john.t,john.t,06 Remove lost,19/04/2026,19/04/2026,Approved,"Units A-E, 63 Mackenzie Dr Maroochydore QLD 4558",offmarket - Offers,$700+,TEST RECORD,"$2,760,000 – $2,950,000","13
9
4","$2,690","$2,760 - $2,950",789,Torrens,2015,"TBC
TBC
TBC",,,,,,,69e48a1e689cc9c404e7bcaa,05 Established - 06 Remove lost - $700+
05 Established,jessica.k,jessica.k,06 Remove lost,10/04/2026,10/04/2026,Approved,10 Elliot Ct Eli Waters QLD 4655,"onmarket - From $650,000",$700+,A local business holds the lease for a couple of its painters.,"$690,000 – $700,000","3
1
1",$600,$610 - $650,665,Torrens,2002,"Candice
TBC
TBC",,,,,,,69d8a379cb9c93f3c43611e4,05 Established - 06 Remove lost - $700+
05 Established,jessica.k,jessica.k,06 Remove lost,1/04/2026,1/04/2026,Approved,5 Fiona Ct Urangan QLD 4655,"prelaunch_opportunity - From $729,000",$700+,Confirming with the agent on the last rental increase,"$719,000 – $729,000","3
1
2",$600,$600 - $630,962,Torrens,1995,"Steph
TBC
TBC",,,,,,,69cb59ffda81f8ddda1e977b,05 Established - 06 Remove lost - $700+
05 Established,jessica.k,jessica.k,06 Remove lost,27/03/2026,27/03/2026,Approved,"Units 1,2, 3 The Boulevarde Armidale NSW 2350","offmarket - From $920,000",$700+,,"$910,000 – $920,000","2 + 2
1 + 1
1 + 1",N/A,$880 - $970,1000,Torrens,1980,"Frazer
TBC
TBC",,,,,,,69c62203e99b815a43d12365,05 Established - 06 Remove lost - $700+
05 Established,aaditya.m,aaditya.m,06 Remove lost,24/03/2026,24/03/2026,Approved,42 Thredbo Dr Aveley WA 6069,"offmarket - Offers over $800,000",$700+,,"$790,000 – $800,000","3
2
1",N/A,$700 - $750,255,Green,2018,"Nicky Ogilvy
TBC
TBC",,,,,,,69c1d3eb98af3401438f4c42,05 Established - 06 Remove lost - $700+
05 Established,aaditya.m,ali.h,06 Remove lost,17/03/2026,17/03/2026,Approved,"Units A,B, 46 Waratah Rd Huntly VIC 3551","onmarket - Offers over $775,000",$700+,Used to be an NDIS property. Rental appraisals done are based off of regular tenants however it is NDIS friendly as well if an investor pushed for yield.,"$880,000 – $890,000","3 + 3
3 + 3
1 + 1",N/A,"$1,040 - $1,140",726,Individual,2021,"TBC
TBC
TBC",,,,,,,69b0bace243ab54cdf141b5b,05 Established - 06 Remove lost - $700+
05 Established,jessica.k,will.e,06 Remove lost,18/02/2026,18/02/2026,,73 Ryhill Cr Wellard WA 6170,"offmarket - From $800,000",$700+,Sachin is getting the walkthrough video,"$785,000 – $795,000","3
2
1",N/A,$610 - $660,296,Green,2016,"TBC
TBC
TBC",,,,,,,69951eccc4789726c1f4a2ff,05 Established - 06 Remove lost - $700+
05 Established,jessica.k,sachin.p,06 Remove lost,19/02/2026,19/02/2026,Approved,18 Mcdonald Rd Baldivis WA 6171,"offmarket - From $800,000",$700+,,"$770,000 – $780,000","3
2
2",N/A,$650 - $700,303,Green,2023,"TBC
TBC
TBC",,,,,,,6996748e0d64ab8ecbdbeecd,05 Established - 06 Remove lost - $700+
05 Established,aaditya.m,sachin.p,06 Remove lost,23/02/2026,23/02/2026,Approved,1 Myhill Mews Leda WA 6170,"onmarket - Offers over $730,000",$700+,,"$720,000 – $730,000","3
1
0",$570,$540 - $580,568,Green,1993,"Navpreet
TBC
TBC",,,,,,,699ba9615bac851f88114ddc,05 Established - 06 Remove lost - $700+
05 Established,brandon.l,brandon.l,06 Remove lost,17/03/2026,17/03/2026,Approved,151 Emmadale Dr New Auckland QLD 4680,"onmarket - Offers Over $739,000",$700+,"Property is under bushfire zoning due to bushland behind property, no rear neighbours. Insurance approx 2.5k. Confirming date of construction for property, educated estimate due to construction of nearby properties on the street approx 2012. Confirming exact build date today.","$730,000 – $745,000","4
2
2",N/A,$600 - $650,779,Torrens,2012,"Carly Thomas
TBC
+61 4 77 697 727",,,,,,,69ae33a275b7edaf5b3b1c14,05 Established - 06 Remove lost - $700+
05 Established,aaditya.m,sachin.p,06 Remove lost,17/03/2026,17/03/2026,Approved,3 Bynder Lane Medina WA 6167,"onmarket - Offers over $729,000",$700+,,"$745,000 – $750,000","3
2
2",N/A,$620 - $660,230,Survey Strata,2015,"TBC
TBC
TBC",,,,,,,69b8b7c338477f7acb224217,05 Established - 06 Remove lost - $700+
05 Established,john.t,john.t,06 Remove lost,17/03/2026,17/03/2026,Approved,TEST RECORD Osborne Cct Maroochydore QLD 4558,onmarket - Offers,$700+,,"$780,000 – $820,000","4
2
1",N/A,$690 - $740,309,Torrens,2019,"TBC
TBC
TBC",,,,,,,69b912994440928cf9bb0c12,05 Established - 06 Remove lost - $700+
05 Established,jessica.k,jessica.k,06 Remove Lost,17/03/2026,17/03/2026,Approved,66 Murphy St Point Vernon QLD 4655,"onmarket - From $650,000",$700+,Please note that the outdoor living is council approved.,"$690,000 – $700,000","3
1
1",N/A,$580 - $600,645,Torrens,1990,"Larua
TBC
TBC",,,,,,,69b2235d720a3a04568950e5,05 Established - 06 Remove Lost - $700+
05 Established,john.t,john.t,06 Remove Lost,17/03/2026,17/03/2026,Approved,10 Osborne Cct Maroochydore QLD 4558,onmarket - Offers,$700+,,"$780,000 – $820,000","4
2
1",N/A,$780 - $980,243,Torrens,2019,"TBC
TBC
TBC",,,,,,,69b70238ed93b8fd0c55819e,05 Established - 06 Remove Lost - $700+
05 Established,john.t,brandon.l,06 Remove Lost,17/03/2026,17/03/2026,Approved,55 Mackenzie Dr Maroochydore QLD 4558,onmarket - Offers,$700+,,"$890,000 – $910,000","4
2
1",$840,$850 - $870,435,Torrens,2013,"TBC
TBC
TBC",,,,,,,69b6daf8ed181f38e61fcd01,05 Established - 06 Remove Lost - $700+
05 Established,jessica.k,jessica.k,06 Remove Lost,16/03/2026,16/03/2026,Approved,69 Imperial Cct Eli Waters QLD 4655,"onmarket - From $780,000",$700+,Quit street Corner block roundabout,"$790,000 – $800,000","4
2
2",$650,$650 - $670,635,Torrens,2019,"Paige
TBC
TBC",,,,,,,69a65013b07a1b666870344b,05 Established - 06 Remove Lost - $700+
05 Established,brandon.l,brandon.l,06 Remove lost,27/02/2026,27/02/2026,Approved,"Units 1&2, 15 Box St, Kin Kora Kin Kora QLD 4680","onmarket - Offers over $799,000",$700+,"TO NOTE: Left unit has rental of $490, tenant will be vacating prior to settlement, tenant is paying over anticipated rental income is 450-470pw. Tenant on right is paying 430pw until March, has renewed lease for 475pw confirming 6 month or 12 month lease.","$860,000 – $875,000","3 + 3
2 + 2
1 + 1",$920,$900 - $960,1018,Torrens,2008,"Ben Crick
ben.crick@raywhite.com
+61 4 87 123 288",,,,,,,69a1297d789c13014204be0d,05 Established - 06 Remove lost - $700+
05 Established,jessica.k,jessica.k,06 Remove Lost,16/03/2026,16/03/2026,Approved,69 Imperial Cct Eli Waters QLD 4655,"onmarket - From $780,000",$700+,Quit street Corner block roundabout,"$790,000 – $800,000","4
2
2",$650,$650 - $670,635,Torrens,2019,"Paige
TBC
TBC",,,,,,,69a65013b07a1b666870344b,05 Established - 06 Remove Lost - $700+
05 Established,brandon.l,brandon.l,06 Remove Lost,16/03/2026,16/03/2026,Approved,30 Harrogate Rd Wellard WA 6170,offmarket - Contact Agent,$700+,"Tenancy is 650pw long term 3 year tenancy, last increase was Jan 3rd 2026 with tenancy expiring in September 5th 26, intentions on staying with next increase Jan 3rd 2027. Bushfire prone area, newer estate.","$775,000 – $790,000","3
2
2",$650,$650 - $680,400,Torrens,2019,"Encore Sales
TBC
+61 4 27 950 245",,,,,,,69aa3834d3825c34f3992987,05 Established - 06 Remove Lost - $700+
05 Established,jessica.k,jessica.k,06 Remove Lost,17/03/2026,17/03/2026,Approved,82 Barramundi Dr Burrum Heads QLD 4659,"offmarket - From $795,000",$700+,The last rent increase was the 3rd of March 2026.,"$785,000 – $795,000","4
2
2",$600,$600 - $640,700,Torrens,2020,"Zavier
TBC
TBC",,,,,,,69b10b9eb9f7585747258c04,05 Established - 06 Remove Lost - $700+
,,,,,,,,,,,,,,,,,,,,,,,,,,
,,,,,,,,,,,,,,,,,,,,,,,,,,
,,,,,,,,,,,,,,,,,,,,,,,,,,
,,,,,,,,,,,,,,,,,,,,,,,,,,
,,,,,,,,,,,,,,,,,,,,,,,,,,
,,,,,,,,,,,,,,,,,,,,,,,,,,
,,,,,,,,,,,,,,,,,,,,,,,,,,
,,,,,,,,,,,,,,,,,,,,,,,,,,
,,,,,,,,,,,,,,,,,,,,,,,,,,
,,,,,,,,,,,,,,,,,,,,,,,,,,
,,,,,,,,,,,,,,,,,,,,,,,,,,
,,,,,,,,,,,,,,,,,,,,,,,,,,
,,,,,,,,,,,,,,,,,,,,,,,,,,
,,,,,,,,,,,,,,,,,,,,,,,,,,
,,,,,,,,,,,,,,,,,,,,,,,,,,
,,,,,,,,,,,,,,,,,,,,,,,,,,
,,,,,,,,,,,,,,,,,,,,,,,,,,
,,,,,,,,,,,,,,,,,,,,,,,,,,
,,,,,,,,,,,,,,,,,,,,,,,,,,
,,,,,,,,,,,,,,,,,,,,,,,,,,
,,,,,,,,,,,,,,,,,,,,,,,,,,
,,,,,,,,,,,,,,,,,,,,,,,,,,
,,,,,,,,,,,,,,,,,,,,,,,,,,
,,,,,,,,,,,,,,,,,,,,,,,,,,
,,,,,,,,,,,,,,,,,,,,,,,,,,
,,,,,,,,,,,,,,,,,,,,,,,,,,
,,,,,,,,,,,,,,,,,,,,,,,,,,
,,,,,,,,,,,,,,,,,,,,,,,,,,
,,,,,,,,,,,,,,,,,,,,,,,,,,
,,,,,,,,,,,,,,,,,,,,,,,,,,
,,,,,,,,,,,,,,,,,,,,,,,,,,
,,,,,,,,,,,,,,,,,,,,,,,,,,
,,,,,,,,,,,,,,,,,,,,,,,,,,
,,,,,,,,,,,,,,,,,,,,,,,,,,
,,,,,,,,,,,,,,,,,,,,,,,,,,
,,,,,,,,,,,,,,,,,,,,,,,,,,
,,,,,,,,,,,,,,,,,,,,,,,,,,
,,,,,,,,,,,,,,,,,,,,,,,,,,
,,,,,,,,,,,,,,,,,,,,,,,,,,
,,,,,,,,,,,,,,,,,,,,,,,,,,
,,,,,,,,,,,,,,,,,,,,,,,,,,
,,,,,,,,,,,,,,,,,,,,,,,,,,
,,,,,,,,,,,,,,,,,,,,,,,,,,
,,,,,,,,,,,,,,,,,,,,,,,,,,
,,,,,,,,,,,,,,,,,,,,,,,,,,
,,,,,,,,,,,,,,,,,,,,,,,,,,
,,,,,,,,,,,,,,,,,,,,,,,,,,
,,,,,,,,,,,,,,,,,,,,,,,,,,
,,,,,,,,,,,,,,,,,,,,,,,,,,
,,,,,,,,,,,,,,,,,,,,,,,,,,
,,,,,,,,,,,,,,,,,,,,,,,,,,
,,,,,,,,,,,,,,,,,,,,,,,,,,
,,,,,,,,,,,,,,,,,,,,,,,,,,
,,,,,,,,,,,,,,,,,,,,,,,,,,
,,,,,,,,,,,,,,,,,,,,,,,,,,
,,,,,,,,,,,,,,,,,,,,,,,,,,
,,,,,,,,,,,,,,,,,,,,,,,,,,
,,,,,,,,,,,,,,,,,,,,,,,,,,
,,,,,,,,,,,,,,,,,,,,,,,,,,
,,,,,,,,,,,,,,,,,,,,,,,,,,
,,,,,,,,,,,,,,,,,,,,,,,,,,
,,,,,,,,,,,,,,,,,,,,,,,,,,
,,,,,,,,,,,,,,,,,,,,,,,,,,
,,,,,,,,,,,,,,,,,,,,,,,,,,
,,,,,,,,,,,,,,,,,,,,,,,,,,
,,,,,,,,,,,,,,,,,,,,,,,,,,
,,,,,,,,,,,,,,,,,,,,,,,,,,
,,,,,,,,,,,,,,,,,,,,,,,,,,
,,,,,,,,,,,,,,,,,,,,,,,,,,
,,,,,,,,,,,,,,,,,,,,,,,,,,
,,,,,,,,,,,,,,,,,,,,,,,,,,
,,,,,,,,,,,,,,,,,,,,,,,,,,
,,,,,,,,,,,,,,,,,,,,,,,,,,
,,,,,,,,,,,,,,,,,,,,,,,,,,
,,,,,,,,,,,,,,,,,,,,,,,,,,
,,,,,,,,,,,,,,,,,,,,,,,,,,
,,,,,,,,,,,,,,,,,,,,,,,,,,
,,,,,,,,,,,,,,,,,,,,,,,,,,
,,,,,,,,,,,,,,,,,,,,,,,,,,
,,,,,,,,,,,,,,,,,,,,,,,,,,
,,,,,,,,,,,,,,,,,,,,,,,,,,
,,,,,,,,,,,,,,,,,,,,,,,,,,
,,,,,,,,,,,,,,,,,,,,,,,,,,
,,,,,,,,,,,,,,,,,,,,,,,,,,
,,,,,,,,,,,,,,,,,,,,,,,,,,
,,,,,,,,,,,,,,,,,,,,,,,,,,
,,,,,,,,,,,,,,,,,,,,,,,,,,
,,,,,,,,,,,,,,,,,,,,,,,,,,
,,,,,,,,,,,,,,,,,,,,,,,,,,
,,,,,,,,,,,,,,,,,,,,,,,,,,
,,,,,,,,,,,,,,,,,,,,,,,,,,
,,,,,,,,,,,,,,,,,,,,,,,,,,
,,,,,,,,,,,,,,,,,,,,,,,,,,
,,,,,,,,,,,,,,,,,,,,,,,,,,
,,,,,,,,,,,,,,,,,,,,,,,,,,
,,,,,,,,,,,,,,,,,,,,,,,,,,
,,,,,,,,,,,,,,,,,,,,,,,,,,
,,,,,,,,,,,,,,,,,,,,,,,,,,
,,,,,,,,,,,,,,,,,,,,,,,,,,
,,,,,,,,,,,,,,,,,,,,,,,,,,
,,,,,,,,,,,,,,,,,,,,,,,,,,
,,,,,,,,,,,,,,,,,,,,,,,,,,
,,,,,,,,,,,,,,,,,,,,,,,,,,
,,,,,,,,,,,,,,,,,,,,,,,,,,
,,,,,,,,,,,,,,,,,,,,,,,,,,
,,,,,,,,,,,,,,,,,,,,,,,,,,
,,,,,,,,,,,,,,,,,,,,,,,,,,
,,,,,,,,,,,,,,,,,,,,,,,,,,
,,,,,,,,,,,,,,,,,,,,,,,,,,
,,,,,,,,,,,,,,,,,,,,,,,,,,
,,,,,,,,,,,,,,,,,,,,,,,,,,
,,,,,,,,,,,,,,,,,,,,,,,,,,
,,,,,,,,,,,,,,,,,,,,,,,,,,
,,,,,,,,,,,,,,,,,,,,,,,,,,
,,,,,,,,,,,,,,,,,,,,,,,,,,
,,,,,,,,,,,,,,,,,,,,,,,,,,
,,,,,,,,,,,,,,,,,,,,,,,,,,
,,,,,,,,,,,,,,,,,,,,,,,,,,
,,,,,,,,,,,,,,,,,,,,,,,,,,
,,,,,,,,,,,,,,,,,,,,,,,,,,
,,,,,,,,,,,,,,,,,,,,,,,,,,
,,,,,,,,,,,,,,,,,,,,,,,,,,
,,,,,,,,,,,,,,,,,,,,,,,,,,
,,,,,,,,,,,,,,,,,,,,,,,,,,
,,,,,,,,,,,,,,,,,,,,,,,,,,
,,,,,,,,,,,,,,,,,,,,,,,,,,
,,,,,,,,,,,,,,,,,,,,,,,,,,
,,,,,,,,,,,,,,,,,,,,,,,,,,
,,,,,,,,,,,,,,,,,,,,,,,,,,
,,,,,,,,,,,,,,,,,,,,,,,,,,
,,,,,,,,,,,,,,,,,,,,,,,,,,
,,,,,,,,,,,,,,,,,,,,,,,,,,
,,,,,,,,,,,,,,,,,,,,,,,,,,
,,,,,,,,,,,,,,,,,,,,,,,,,,
,,,,,,,,,,,,,,,,,,,,,,,,,,
,,,,,,,,,,,,,,,,,,,,,,,,,,
,,,,,,,,,,,,,,,,,,,,,,,,,,
,,,,,,,,,,,,,,,,,,,,,,,,,,
,,,,,,,,,,,,,,,,,,,,,,,,,,
,,,,,,,,,,,,,,,,,,,,,,,,,,
,,,,,,,,,,,,,,,,,,,,,,,,,,
,,,,,,,,,,,,,,,,,,,,,,,,,,
,,,,,,,,,,,,,,,,,,,,,,,,,,
,,,,,,,,,,,,,,,,,,,,,,,,,,
,,,,,,,,,,,,,,,,,,,,,,,,,,
,,,,,,,,,,,,,,,,,,,,,,,,,,
,,,,,,,,,,,,,,,,,,,,,,,,,,
,,,,,,,,,,,,,,,,,,,,,,,,,,
,,,,,,,,,,,,,,,,,,,,,,,,,,
,,,,,,,,,,,,,,,,,,,,,,,,,,
,,,,,,,,,,,,,,,,,,,,,,,,,,
,,,,,,,,,,,,,,,,,,,,,,,,,,
,,,,,,,,,,,,,,,,,,,,,,,,,,
,,,,,,,,,,,,,,,,,,,,,,,,,,
,,,,,,,,,,,,,,,,,,,,,,,,,,
,,,,,,,,,,,,,,,,,,,,,,,,,,
,,,,,,,,,,,,,,,,,,,,,,,,,,
,,,,,,,,,,,,,,,,,,,,,,,,,,
,,,,,,,,,,,,,,,,,,,,,,,,,,
,,,,,,,,,,,,,,,,,,,,,,,,,,
,,,,,,,,,,,,,,,,,,,,,,,,,,
,,,,,,,,,,,,,,,,,,,,,,,,,,
,,,,,,,,,,,,,,,,,,,,,,,,,,
,,,,,,,,,,,,,,,,,,,,,,,,,,
,,,,,,,,,,,,,,,,,,,,,,,,,,
,,,,,,,,,,,,,,,,,,,,,,,,,,
,,,,,,,,,,,,,,,,,,,,,,,,,,
,,,,,,,,,,,,,,,,,,,,,,,,,,
,,,,,,,,,,,,,,,,,,,,,,,,,,
,,,,,,,,,,,,,,,,,,,,,,,,,,
,,,,,,,,,,,,,,,,,,,,,,,,,,
,,,,,,,,,,,,,,,,,,,,,,,,,,
,,,,,,,,,,,,,,,,,,,,,,,,,,
,,,,,,,,,,,,,,,,,,,,,,,,,,
,,,,,,,,,,,,,,,,,,,,,,,,,,
,,,,,,,,,,,,,,,,,,,,,,,,,,
,,,,,,,,,,,,,,,,,,,,,,,,,,
,,,,,,,,,,,,,,,,,,,,,,,,,,
,,,,,,,,,,,,,,,,,,,,,,,,,,
,,,,,,,,,,,,,,,,,,,,,,,,,,
,,,,,,,,,,,,,,,,,,,,,,,,,,
,,,,,,,,,,,,,,,,,,,,,,,,,,
,,,,,,,,,,,,,,,,,,,,,,,,,,
,,,,,,,,,,,,,,,,,,,,,,,,,,
,,,,,,,,,,,,,,,,,,,,,,,,,,
,,,,,,,,,,,,,,,,,,,,,,,,,,
,,,,,,,,,,,,,,,,,,,,,,,,,,
,,,,,,,,,,,,,,,,,,,,,,,,,,
,,,,,,,,,,,,,,,,,,,,,,,,,,
,,,,,,,,,,,,,,,,,,,,,,,,,,
,,,,,,,,,,,,,,,,,,,,,,,,,,
,,,,,,,,,,,,,,,,,,,,,,,,,,
,,,,,,,,,,,,,,,,,,,,,,,,,,
,,,,,,,,,,,,,,,,,,,,,,,,,,
,,,,,,,,,,,,,,,,,,,,,,,,,,
,,,,,,,,,,,,,,,,,,,,,,,,,,
,,,,,,,,,,,,,,,,,,,,,,,,,,
,,,,,,,,,,,,,,,,,,,,,,,,,,
,,,,,,,,,,,,,,,,,,,,,,,,,,
,,,,,,,,,,,,,,,,,,,,,,,,,,
,,,,,,,,,,,,,,,,,,,,,,,,,,
,,,,,,,,,,,,,,,,,,,,,,,,,,
,,,,,,,,,,,,,,,,,,,,,,,,,,
,,,,,,,,,,,,,,,,,,,,,,,,,,
,,,,,,,,,,,,,,,,,,,,,,,,,,
,,,,,,,,,,,,,,,,,,,,,,,,,,
,,,,,,,,,,,,,,,,,,,,,,,,,,
,,,,,,,,,,,,,,,,,,,,,,,,,,
,,,,,,,,,,,,,,,,,,,,,,,,,,
,,,,,,,,,,,,,,,,,,,,,,,,,,
,,,,,,,,,,,,,,,,,,,,,,,,,,
,,,,,,,,,,,,,,,,,,,,,,,,,,
,,,,,,,,,,,,,,,,,,,,,,,,,,
,,,,,,,,,,,,,,,,,,,,,,,,,,
,,,,,,,,,,,,,,,,,,,,,,,,,,
,,,,,,,,,,,,,,,,,,,,,,,,,,
,,,,,,,,,,,,,,,,,,,,,,,,,,
,,,,,,,,,,,,,,,,,,,,,,,,,,
,,,,,,,,,,,,,,,,,,,,,,,,,,
,,,,,,,,,,,,,,,,,,,,,,,,,,
,,,,,,,,,,,,,,,,,,,,,,,,,,
,,,,,,,,,,,,,,,,,,,,,,,,,,
,,,,,,,,,,,,,,,,,,,,,,,,,,
,,,,,,,,,,,,,,,,,,,,,,,,,,
,,,,,,,,,,,,,,,,,,,,,,,,,,
,,,,,,,,,,,,,,,,,,,,,,,,,,
,,,,,,,,,,,,,,,,,,,,,,,,,,
,,,,,,,,,,,,,,,,,,,,,,,,,,
,,,,,,,,,,,,,,,,,,,,,,,,,,
,,,,,,,,,,,,,,,,,,,,,,,,,,
,,,,,,,,,,,,,,,,,,,,,,,,,,
,,,,,,,,,,,,,,,,,,,,,,,,,,
,,,,,,,,,,,,,,,,,,,,,,,,,,
,,,,,,,,,,,,,,,,,,,,,,,,,,
,,,,,,,,,,,,,,,,,,,,,,,,,,
,,,,,,,,,,,,,,,,,,,,,,,,,,
,,,,,,,,,,,,,,,,,,,,,,,,,,
,,,,,,,,,,,,,,,,,,,,,,,,,,
,,,,,,,,,,,,,,,,,,,,,,,,,,
,,,,,,,,,,,,,,,,,,,,,,,,,,
,,,,,,,,,,,,,,,,,,,,,,,,,,
,,,,,,,,,,,,,,,,,,,,,,,,,,
,,,,,,,,,,,,,,,,,,,,,,,,,,
,,,,,,,,,,,,,,,,,,,,,,,,,,
,,,,,,,,,,,,,,,,,,,,,,,,,,
,,,,,,,,,,,,,,,,,,,,,,,,,,
,,,,,,,,,,,,,,,,,,,,,,,,,,
,,,,,,,,,,,,,,,,,,,,,,,,,,
,,,,,,,,,,,,,,,,,,,,,,,,,,
,,,,,,,,,,,,,,,,,,,,,,,,,,
,,,,,,,,,,,,,,,,,,,,,,,,,,
,,,,,,,,,,,,,,,,,,,,,,,,,,
,,,,,,,,,,,,,,,,,,,,,,,,,,
,,,,,,,,,,,,,,,,,,,,,,,,,,
,,,,,,,,,,,,,,,,,,,,,,,,,,
,,,,,,,,,,,,,,,,,,,,,,,,,,
,,,,,,,,,,,,,,,,,,,,,,,,,,
,,,,,,,,,,,,,,,,,,,,,,,,,,
,,,,,,,,,,,,,,,,,,,,,,,,,,
,,,,,,,,,,,,,,,,,,,,,,,,,,
,,,,,,,,,,,,,,,,,,,,,,,,,,
,,,,,,,,,,,,,,,,,,,,,,,,,,
,,,,,,,,,,,,,,,,,,,,,,,,,,
,,,,,,,,,,,,,,,,,,,,,,,,,,
,,,,,,,,,,,,,,,,,,,,,,,,,,
,,,,,,,,,,,,,,,,,,,,,,,,,,
,,,,,,,,,,,,,,,,,,,,,,,,,,
,,,,,,,,,,,,,,,,,,,,,,,,,,
,,,,,,,,,,,,,,,,,,,,,,,,,,
,,,,,,,,,,,,,,,,,,,,,,,,,,
,,,,,,,,,,,,,,,,,,,,,,,,,,
,,,,,,,,,,,,,,,,,,,,,,,,,,
,,,,,,,,,,,,,,,,,,,,,,,,,,
,,,,,,,,,,,,,,,,,,,,,,,,,,
,,,,,,,,,,,,,,,,,,,,,,,,,,
,,,,,,,,,,,,,,,,,,,,,,,,,,
,,,,,,,,,,,,,,,,,,,,,,,,,,
,,,,,,,,,,,,,,,,,,,,,,,,,,
,,,,,,,,,,,,,,,,,,,,,,,,,,
,,,,,,,,,,,,,,,,,,,,,,,,,,
,,,,,,,,,,,,,,,,,,,,,,,,,,
,,,,,,,,,,,,,,,,,,,,,,,,,,
,,,,,,,,,,,,,,,,,,,,,,,,,,
,,,,,,,,,,,,,,,,,,,,,,,,,,
,,,,,,,,,,,,,,,,,,,,,,,,,,
,,,,,,,,,,,,,,,,,,,,,,,,,,
,,,,,,,,,,,,,,,,,,,,,,,,,,
,,,,,,,,,,,,,,,,,,,,,,,,,,
,,,,,,,,,,,,,,,,,,,,,,,,,,
,,,,,,,,,,,,,,,,,,,,,,,,,,
,,,,,,,,,,,,,,,,,,,,,,,,,,
,,,,,,,,,,,,,,,,,,,,,,,,,,
,,,,,,,,,,,,,,,,,,,,,,,,,,
,,,,,,,,,,,,,,,,,,,,,,,,,,
,,,,,,,,,,,,,,,,,,,,,,,,,,
,,,,,,,,,,,,,,,,,,,,,,,,,,
,,,,,,,,,,,,,,,,,,,,,,,,,,
,,,,,,,,,,,,,,,,,,,,,,,,,,
,,,,,,,,,,,,,,,,,,,,,,,,,,
,,,,,,,,,,,,,,,,,,,,,,,,,,
,,,,,,,,,,,,,,,,,,,,,,,,,,
,,,,,,,,,,,,,,,,,,,,,,,,,,
,,,,,,,,,,,,,,,,,,,,,,,,,,
,,,,,,,,,,,,,,,,,,,,,,,,,,
,,,,,,,,,,,,,,,,,,,,,,,,,,
,,,,,,,,,,,,,,,,,,,,,,,,,,
,,,,,,,,,,,,,,,,,,,,,,,,,,
,,,,,,,,,,,,,,,,,,,,,,,,,,
,,,,,,,,,,,,,,,,,,,,,,,,,,
,,,,,,,,,,,,,,,,,,,,,,,,,,
,,,,,,,,,,,,,,,,,,,,,,,,,,
,,,,,,,,,,,,,,,,,,,,,,,,,,
,,,,,,,,,,,,,,,,,,,,,,,,,,
,,,,,,,,,,,,,,,,,,,,,,,,,,
,,,,,,,,,,,,,,,,,,,,,,,,,,
,,,,,,,,,,,,,,,,,,,,,,,,,,
,,,,,,,,,,,,,,,,,,,,,,,,,,
,,,,,,,,,,,,,,,,,,,,,,,,,,
,,,,,,,,,,,,,,,,,,,,,,,,,,
,,,,,,,,,,,,,,,,,,,,,,,,,,
,,,,,,,,,,,,,,,,,,,,,,,,,,
,,,,,,,,,,,,,,,,,,,,,,,,,,
,,,,,,,,,,,,,,,,,,,,,,,,,,
,,,,,,,,,,,,,,,,,,,,,,,,,,
,,,,,,,,,,,,,,,,,,,,,,,,,,
,,,,,,,,,,,,,,,,,,,,,,,,,,
,,,,,,,,,,,,,,,,,,,,,,,,,,
,,,,,,,,,,,,,,,,,,,,,,,,,,
,,,,,,,,,,,,,,,,,,,,,,,,,,
,,,,,,,,,,,,,,,,,,,,,,,,,,
,,,,,,,,,,,,,,,,,,,,,,,,,,
,,,,,,,,,,,,,,,,,,,,,,,,,,
,,,,,,,,,,,,,,,,,,,,,,,,,,
,,,,,,,,,,,,,,,,,,,,,,,,,,
,,,,,,,,,,,,,,,,,,,,,,,,,,
,,,,,,,,,,,,,,,,,,,,,,,,,,
,,,,,,,,,,,,,,,,,,,,,,,,,,
,,,,,,,,,,,,,,,,,,,,,,,,,,
,,,,,,,,,,,,,,,,,,,,,,,,,,
,,,,,,,,,,,,,,,,,,,,,,,,,,
,,,,,,,,,,,,,,,,,,,,,,,,,,
,,,,,,,,,,,,,,,,,,,,,,,,,,
,,,,,,,,,,,,,,,,,,,,,,,,,,
,,,,,,,,,,,,,,,,,,,,,,,,,,
,,,,,,,,,,,,,,,,,,,,,,,,,,
,,,,,,,,,,,,,,,,,,,,,,,,,,
,,,,,,,,,,,,,,,,,,,,,,,,,,
,,,,,,,,,,,,,,,,,,,,,,,,,,
,,,,,,,,,,,,,,,,,,,,,,,,,,
,,,,,,,,,,,,,,,,,,,,,,,,,,
,,,,,,,,,,,,,,,,,,,,,,,,,,
,,,,,,,,,,,,,,,,,,,,,,,,,,
,,,,,,,,,,,,,,,,,,,,,,,,,,
,,,,,,,,,,,,,,,,,,,,,,,,,,
,,,,,,,,,,,,,,,,,,,,,,,,,,
,,,,,,,,,,,,,,,,,,,,,,,,,,
,,,,,,,,,,,,,,,,,,,,,,,,,,
,,,,,,,,,,,,,,,,,,,,,,,,,,
,,,,,,,,,,,,,,,,,,,,,,,,,,
,,,,,,,,,,,,,,,,,,,,,,,,,,
,,,,,,,,,,,,,,,,,,,,,,,,,,
,,,,,,,,,,,,,,,,,,,,,,,,,,
,,,,,,,,,,,,,,,,,,,,,,,,,,
,,,,,,,,,,,,,,,,,,,,,,,,,,
,,,,,,,,,,,,,,,,,,,,,,,,,,
,,,,,,,,,,,,,,,,,,,,,,,,,,
,,,,,,,,,,,,,,,,,,,,,,,,,,
,,,,,,,,,,,,,,,,,,,,,,,,,,
,,,,,,,,,,,,,,,,,,,,,,,,,,
,,,,,,,,,,,,,,,,,,,,,,,,,,
,,,,,,,,,,,,,,,,,,,,,,,,,,
,,,,,,,,,,,,,,,,,,,,,,,,,,
,,,,,,,,,,,,,,,,,,,,,,,,,,
,,,,,,,,,,,,,,,,,,,,,,,,,,
,,,,,,,,,,,,,,,,,,,,,,,,,,
,,,,,,,,,,,,,,,,,,,,,,,,,,
,,,,,,,,,,,,,,,,,,,,,,,,,,
,,,,,,,,,,,,,,,,,,,,,,,,,,
,,,,,,,,,,,,,,,,,,,,,,,,,,
,,,,,,,,,,,,,,,,,,,,,,,,,,
,,,,,,,,,,,,,,,,,,,,,,,,,,
,,,,,,,,,,,,,,,,,,,,,,,,,,
,,,,,,,,,,,,,,,,,,,,,,,,,,
,,,,,,,,,,,,,,,,,,,,,,,,,,
,,,,,,,,,,,,,,,,,,,,,,,,,,
,,,,,,,,,,,,,,,,,,,,,,,,,,
,,,,,,,,,,,,,,,,,,,,,,,,,,
,,,,,,,,,,,,,,,,,,,,,,,,,,
,,,,,,,,,,,,,,,,,,,,,,,,,,
,,,,,,,,,,,,,,,,,,,,,,,,,,
,,,,,,,,,,,,,,,,,,,,,,,,,,
,,,,,,,,,,,,,,,,,,,,,,,,,,
,,,,,,,,,,,,,,,,,,,,,,,,,,
,,,,,,,,,,,,,,,,,,,,,,,,,,
,,,,,,,,,,,,,,,,,,,,,,,,,,
,,,,,,,,,,,,,,,,,,,,,,,,,,
,,,,,,,,,,,,,,,,,,,,,,,,,,
,,,,,,,,,,,,,,,,,,,,,,,,,,
,,,,,,,,,,,,,,,,,,,,,,,,,,
,,,,,,,,,,,,,,,,,,,,,,,,,,
,,,,,,,,,,,,,,,,,,,,,,,,,,
,,,,,,,,,,,,,,,,,,,,,,,,,,
,,,,,,,,,,,,,,,,,,,,,,,,,,
,,,,,,,,,,,,,,,,,,,,,,,,,,
,,,,,,,,,,,,,,,,,,,,,,,,,,
,,,,,,,,,,,,,,,,,,,,,,,,,,
,,,,,,,,,,,,,,,,,,,,,,,,,,
,,,,,,,,,,,,,,,,,,,,,,,,,,
,,,,,,,,,,,,,,,,,,,,,,,,,,
,,,,,,,,,,,,,,,,,,,,,,,,,,
,,,,,,,,,,,,,,,,,,,,,,,,,,
,,,,,,,,,,,,,,,,,,,,,,,,,,
,,,,,,,,,,,,,,,,,,,,,,,,,,
,,,,,,,,,,,,,,,,,,,,,,,,,,
,,,,,,,,,,,,,,,,,,,,,,,,,,
,,,,,,,,,,,,,,,,,,,,,,,,,,
,,,,,,,,,,,,,,,,,,,,,,,,,,
,,,,,,,,,,,,,,,,,,,,,,,,,,
,,,,,,,,,,,,,,,,,,,,,,,,,,
,,,,,,,,,,,,,,,,,,,,,,,,,,
,,,,,,,,,,,,,,,,,,,,,,,,,,
,,,,,,,,,,,,,,,,,,,,,,,,,,
,,,,,,,,,,,,,,,,,,,,,,,,,,
,,,,,,,,,,,,,,,,,,,,,,,,,,
,,,,,,,,,,,,,,,,,,,,,,,,,,
,,,,,,,,,,,,,,,,,,,,,,,,,,
,,,,,,,,,,,,,,,,,,,,,,,,,,
,,,,,,,,,,,,,,,,,,,,,,,,,,
,,,,,,,,,,,,,,,,,,,,,,,,,,
,,,,,,,,,,,,,,,,,,,,,,,,,,
,,,,,,,,,,,,,,,,,,,,,,,,,,
,,,,,,,,,,,,,,,,,,,,,,,,,,
,,,,,,,,,,,,,,,,,,,,,,,,,,
,,,,,,,,,,,,,,,,,,,,,,,,,,
,,,,,,,,,,,,,,,,,,,,,,,,,,
,,,,,,,,,,,,,,,,,,,,,,,,,,
,,,,,,,,,,,,,,,,,,,,,,,,,,
,,,,,,,,,,,,,,,,,,,,,,,,,,
,,,,,,,,,,,,,,,,,,,,,,,,,,
,,,,,,,,,,,,,,,,,,,,,,,,,,
,,,,,,,,,,,,,,,,,,,,,,,,,,
,,,,,,,,,,,,,,,,,,,,,,,,,,
,,,,,,,,,,,,,,,,,,,,,,,,,,
,,,,,,,,,,,,,,,,,,,,,,,,,,
,,,,,,,,,,,,,,,,,,,,,,,,,,
,,,,,,,,,,,,,,,,,,,,,,,,,,
,,,,,,,,,,,,,,,,,,,,,,,,,,
,,,,,,,,,,,,,,,,,,,,,,,,,,
,,,,,,,,,,,,,,,,,,,,,,,,,,
,,,,,,,,,,,,,,,,,,,,,,,,,,
,,,,,,,,,,,,,,,,,,,,,,,,,,
,,,,,,,,,,,,,,,,,,,,,,,,,,
,,,,,,,,,,,,,,,,,,,,,,,,,,
,,,,,,,,,,,,,,,,,,,,,,,,,,
,,,,,,,,,,,,,,,,,,,,,,,,,,
,,,,,,,,,,,,,,,,,,,,,,,,,,
,,,,,,,,,,,,,,,,,,,,,,,,,,
,,,,,,,,,,,,,,,,,,,,,,,,,,
,,,,,,,,,,,,,,,,,,,,,,,,,,
,,,,,,,,,,,,,,,,,,,,,,,,,,
,,,,,,,,,,,,,,,,,,,,,,,,,,
,,,,,,,,,,,,,,,,,,,,,,,,,,
,,,,,,,,,,,,,,,,,,,,,,,,,,
,,,,,,,,,,,,,,,,,,,,,,,,,,
,,,,,,,,,,,,,,,,,,,,,,,,,,
,,,,,,,,,,,,,,,,,,,,,,,,,,
,,,,,,,,,,,,,,,,,,,,,,,,,,
,,,,,,,,,,,,,,,,,,,,,,,,,,
,,,,,,,,,,,,,,,,,,,,,,,,,,
,,,,,,,,,,,,,,,,,,,,,,,,,,
,,,,,,,,,,,,,,,,,,,,,,,,,,
,,,,,,,,,,,,,,,,,,,,,,,,,,
,,,,,,,,,,,,,,,,,,,,,,,,,,
,,,,,,,,,,,,,,,,,,,,,,,,,,
,,,,,,,,,,,,,,,,,,,,,,,,,,
,,,,,,,,,,,,,,,,,,,,,,,,,,
,,,,,,,,,,,,,,,,,,,,,,,,,,
,,,,,,,,,,,,,,,,,,,,,,,,,,
,,,,,,,,,,,,,,,,,,,,,,,,,,
,,,,,,,,,,,,,,,,,,,,,,,,,,
,,,,,,,,,,,,,,,,,,,,,,,,,,
,,,,,,,,,,,,,,,,,,,,,,,,,,
,,,,,,,,,,,,,,,,,,,,,,,,,,
,,,,,,,,,,,,,,,,,,,,,,,,,,
,,,,,,,,,,,,,,,,,,,,,,,,,,
,,,,,,,,,,,,,,,,,,,,,,,,,,
,,,,,,,,,,,,,,,,,,,,,,,,,,
,,,,,,,,,,,,,,,,,,,,,,,,,,
,,,,,,,,,,,,,,,,,,,,,,,,,,
,,,,,,,,,,,,,,,,,,,,,,,,,,
,,,,,,,,,,,,,,,,,,,,,,,,,,
,,,,,,,,,,,,,,,,,,,,,,,,,,
,,,,,,,,,,,,,,,,,,,,,,,,,,
,,,,,,,,,,,,,,,,,,,,,,,,,,
,,,,,,,,,,,,,,,,,,,,,,,,,,
,,,,,,,,,,,,,,,,,,,,,,,,,,
,,,,,,,,,,,,,,,,,,,,,,,,,,
,,,,,,,,,,,,,,,,,,,,,,,,,,
,,,,,,,,,,,,,,,,,,,,,,,,,,
,,,,,,,,,,,,,,,,,,,,,,,,,,
,,,,,,,,,,,,,,,,,,,,,,,,,,
,,,,,,,,,,,,,,,,,,,,,,,,,,
,,,,,,,,,,,,,,,,,,,,,,,,,,
,,,,,,,,,,,,,,,,,,,,,,,,,,
,,,,,,,,,,,,,,,,,,,,,,,,,,
,,,,,,,,,,,,,,,,,,,,,,,,,,
,,,,,,,,,,,,,,,,,,,,,,,,,,
,,,,,,,,,,,,,,,,,,,,,,,,,,
,,,,,,,,,,,,,,,,,,,,,,,,,,
,,,,,,,,,,,,,,,,,,,,,,,,,,
,,,,,,,,,,,,,,,,,,,,,,,,,,
,,,,,,,,,,,,,,,,,,,,,,,,,,
,,,,,,,,,,,,,,,,,,,,,,,,,,
,,,,,,,,,,,,,,,,,,,,,,,,,,
,,,,,,,,,,,,,,,,,,,,,,,,,,
,,,,,,,,,,,,,,,,,,,,,,,,,,
,,,,,,,,,,,,,,,,,,,,,,,,,,
,,,,,,,,,,,,,,,,,,,,,,,,,,
,,,,,,,,,,,,,,,,,,,,,,,,,,
,,,,,,,,,,,,,,,,,,,,,,,,,,
,,,,,,,,,,,,,,,,,,,,,,,,,,
,,,,,,,,,,,,,,,,,,,,,,,,,,
,,,,,,,,,,,,,,,,,,,,,,,,,,
,,,,,,,,,,,,,,,,,,,,,,,,,,
,,,,,,,,,,,,,,,,,,,,,,,,,,
,,,,,,,,,,,,,,,,,,,,,,,,,,
,,,,,,,,,,,,,,,,,,,,,,,,,,
,,,,,,,,,,,,,,,,,,,,,,,,,,
,,,,,,,,,,,,,,,,,,,,,,,,,,
,,,,,,,,,,,,,,,,,,,,,,,,,,
,,,,,,,,,,,,,,,,,,,,,,,,,,
,,,,,,,,,,,,,,,,,,,,,,,,,,
,,,,,,,,,,,,,,,,,,,,,,,,,,
,,,,,,,,,,,,,,,,,,,,,,,,,,
,,,,,,,,,,,,,,,,,,,,,,,,,,
,,,,,,,,,,,,,,,,,,,,,,,,,,
,,,,,,,,,,,,,,,,,,,,,,,,,,
,,,,,,,,,,,,,,,,,,,,,,,,,,
,,,,,,,,,,,,,,,,,,,,,,,,,,
,,,,,,,,,,,,,,,,,,,,,,,,,,
,,,,,,,,,,,,,,,,,,,,,,,,,,
,,,,,,,,,,,,,,,,,,,,,,,,,,
,,,,,,,,,,,,,,,,,,,,,,,,,,
,,,,,,,,,,,,,,,,,,,,,,,,,,
,,,,,,,,,,,,,,,,,,,,,,,,,,
,,,,,,,,,,,,,,,,,,,,,,,,,,
,,,,,,,,,,,,,,,,,,,,,,,,,,
,,,,,,,,,,,,,,,,,,,,,,,,,,
,,,,,,,,,,,,,,,,,,,,,,,,,,
,,,,,,,,,,,,,,,,,,,,,,,,,,
,,,,,,,,,,,,,,,,,,,,,,,,,,
,,,,,,,,,,,,,,,,,,,,,,,,,,
,,,,,,,,,,,,,,,,,,,,,,,,,,
,,,,,,,,,,,,,,,,,,,,,,,,,,
,,,,,,,,,,,,,,,,,,,,,,,,,,
,,,,,,,,,,,,,,,,,,,,,,,,,,
,,,,,,,,,,,,,,,,,,,,,,,,,,
,,,,,,,,,,,,,,,,,,,,,,,,,,
,,,,,,,,,,,,,,,,,,,,,,,,,,
,,,,,,,,,,,,,,,,,,,,,,,,,,
,,,,,,,,,,,,,,,,,,,,,,,,,,
,,,,,,,,,,,,,,,,,,,,,,,,,,
,,,,,,,,,,,,,,,,,,,,,,,,,,
,,,,,,,,,,,,,,,,,,,,,,,,,,
,,,,,,,,,,,,,,,,,,,,,,,,,,
,,,,,,,,,,,,,,,,,,,,,,,,,,
,,,,,,,,,,,,,,,,,,,,,,,,,,
,,,,,,,,,,,,,,,,,,,,,,,,,,
,,,,,,,,,,,,,,,,,,,,,,,,,,
,,,,,,,,,,,,,,,,,,,,,,,,,,
,,,,,,,,,,,,,,,,,,,,,,,,,,
,,,,,,,,,,,,,,,,,,,,,,,,,,
,,,,,,,,,,,,,,,,,,,,,,,,,,
,,,,,,,,,,,,,,,,,,,,,,,,,,
,,,,,,,,,,,,,,,,,,,,,,,,,,
,,,,,,,,,,,,,,,,,,,,,,,,,,
,,,,,,,,,,,,,,,,,,,,,,,,,,
,,,,,,,,,,,,,,,,,,,,,,,,,,
,,,,,,,,,,,,,,,,,,,,,,,,,,
,,,,,,,,,,,,,,,,,,,,,,,,,,
,,,,,,,,,,,,,,,,,,,,,,,,,,
,,,,,,,,,,,,,,,,,,,,,,,,,,
,,,,,,,,,,,,,,,,,,,,,,,,,,
,,,,,,,,,,,,,,,,,,,,,,,,,,
,,,,,,,,,,,,,,,,,,,,,,,,,,
,,,,,,,,,,,,,,,,,,,,,,,,,,
,,,,,,,,,,,,,,,,,,,,,,,,,,
,,,,,,,,,,,,,,,,,,,,,,,,,,
,,,,,,,,,,,,,,,,,,,,,,,,,,
,,,,,,,,,,,,,,,,,,,,,,,,,,
,,,,,,,,,,,,,,,,,,,,,,,,,,
,,,,,,,,,,,,,,,,,,,,,,,,,,
,,,,,,,,,,,,,,,,,,,,,,,,,,
,,,,,,,,,,,,,,,,,,,,,,,,,,
,,,,,,,,,,,,,,,,,,,,,,,,,,
,,,,,,,,,,,,,,,,,,,,,,,,,,
,,,,,,,,,,,,,,,,,,,,,,,,,,
,,,,,,,,,,,,,,,,,,,,,,,,,,
,,,,,,,,,,,,,,,,,,,,,,,,,,
,,,,,,,,,,,,,,,,,,,,,,,,,,
,,,,,,,,,,,,,,,,,,,,,,,,,,
,,,,,,,,,,,,,,,,,,,,,,,,,,
,,,,,,,,,,,,,,,,,,,,,,,,,,
,,,,,,,,,,,,,,,,,,,,,,,,,,
,,,,,,,,,,,,,,,,,,,,,,,,,,
,,,,,,,,,,,,,,,,,,,,,,,,,,
,,,,,,,,,,,,,,,,,,,,,,,,,,
,,,,,,,,,,,,,,,,,,,,,,,,,,
,,,,,,,,,,,,,,,,,,,,,,,,,,
,,,,,,,,,,,,,,,,,,,,,,,,,,
,,,,,,,,,,,,,,,,,,,,,,,,,,
,,,,,,,,,,,,,,,,,,,,,,,,,,
,,,,,,,,,,,,,,,,,,,,,,,,,,
,,,,,,,,,,,,,,,,,,,,,,,,,,
,,,,,,,,,,,,,,,,,,,,,,,,,,
,,,,,,,,,,,,,,,,,,,,,,,,,,
,,,,,,,,,,,,,,,,,,,,,,,,,,
,,,,,,,,,,,,,,,,,,,,,,,,,,
,,,,,,,,,,,,,,,,,,,,,,,,,,
,,,,,,,,,,,,,,,,,,,,,,,,,,
,,,,,,,,,,,,,,,,,,,,,,,,,,
,,,,,,,,,,,,,,,,,,,,,,,,,,
,,,,,,,,,,,,,,,,,,,,,,,,,,
,,,,,,,,,,,,,,,,,,,,,,,,,,
,,,,,,,,,,,,,,,,,,,,,,,,,,
,,,,,,,,,,,,,,,,,,,,,,,,,,
,,,,,,,,,,,,,,,,,,,,,,,,,,
,,,,,,,,,,,,,,,,,,,,,,,,,,
,,,,,,,,,,,,,,,,,,,,,,,,,,
,,,,,,,,,,,,,,,,,,,,,,,,,,
,,,,,,,,,,,,,,,,,,,,,,,,,,
,,,,,,,,,,,,,,,,,,,,,,,,,,
,,,,,,,,,,,,,,,,,,,,,,,,,,
,,,,,,,,,,,,,,,,,,,,,,,,,,
,,,,,,,,,,,,,,,,,,,,,,,,,,
,,,,,,,,,,,,,,,,,,,,,,,,,,
,,,,,,,,,,,,,,,,,,,,,,,,,,
,,,,,,,,,,,,,,,,,,,,,,,,,,
,,,,,,,,,,,,,,,,,,,,,,,,,,
,,,,,,,,,,,,,,,,,,,,,,,,,,
,,,,,,,,,,,,,,,,,,,,,,,,,,
,,,,,,,,,,,,,,,,,,,,,,,,,,
,,,,,,,,,,,,,,,,,,,,,,,,,,
,,,,,,,,,,,,,,,,,,,,,,,,,,
,,,,,,,,,,,,,,,,,,,,,,,,,,
,,,,,,,,,,,,,,,,,,,,,,,,,,
,,,,,,,,,,,,,,,,,,,,,,,,,,
,,,,,,,,,,,,,,,,,,,,,,,,,,
,,,,,,,,,,,,,,,,,,,,,,,,,,
,,,,,,,,,,,,,,,,,,,,,,,,,,
,,,,,,,,,,,,,,,,,,,,,,,,,,
,,,,,,,,,,,,,,,,,,,,,,,,,,
,,,,,,,,,,,,,,,,,,,,,,,,,,
,,,,,,,,,,,,,,,,,,,,,,,,,,
,,,,,,,,,,,,,,,,,,,,,,,,,,
,,,,,,,,,,,,,,,,,,,,,,,,,,
,,,,,,,,,,,,,,,,,,,,,,,,,,
,,,,,,,,,,,,,,,,,,,,,,,,,,
,,,,,,,,,,,,,,,,,,,,,,,,,,
,,,,,,,,,,,,,,,,,,,,,,,,,,
,,,,,,,,,,,,,,,,,,,,,,,,,,
,,,,,,,,,,,,,,,,,,,,,,,,,,
,,,,,,,,,,,,,,,,,,,,,,,,,,
,,,,,,,,,,,,,,,,,,,,,,,,,,
,,,,,,,,,,,,,,,,,,,,,,,,,,
,,,,,,,,,,,,,,,,,,,,,,,,,,
,,,,,,,,,,,,,,,,,,,,,,,,,,
,,,,,,,,,,,,,,,,,,,,,,,,,,
,,,,,,,,,,,,,,,,,,,,,,,,,,
,,,,,,,,,,,,,,,,,,,,,,,,,,
,,,,,,,,,,,,,,,,,,,,,,,,,,
,,,,,,,,,,,,,,,,,,,,,,,,,,
,,,,,,,,,,,,,,,,,,,,,,,,,,
,,,,,,,,,,,,,,,,,,,,,,,,,,
,,,,,,,,,,,,,,,,,,,,,,,,,,
,,,,,,,,,,,,,,,,,,,,,,,,,,
,,,,,,,,,,,,,,,,,,,,,,,,,,
,,,,,,,,,,,,,,,,,,,,,,,,,,
,,,,,,,,,,,,,,,,,,,,,,,,,,
,,,,,,,,,,,,,,,,,,,,,,,,,,
,,,,,,,,,,,,,,,,,,,,,,,,,,
,,,,,,,,,,,,,,,,,,,,,,,,,,
,,,,,,,,,,,,,,,,,,,,,,,,,,
,,,,,,,,,,,,,,,,,,,,,,,,,,
,,,,,,,,,,,,,,,,,,,,,,,,,,
,,,,,,,,,,,,,,,,,,,,,,,,,,
,,,,,,,,,,,,,,,,,,,,,,,,,,
,,,,,,,,,,,,,,,,,,,,,,,,,,
,,,,,,,,,,,,,,,,,,,,,,,,,,
,,,,,,,,,,,,,,,,,,,,,,,,,,
,,,,,,,,,,,,,,,,,,,,,,,,,,
,,,,,,,,,,,,,,,,,,,,,,,,,,
,,,,,,,,,,,,,,,,,,,,,,,,,,
,,,,,,,,,,,,,,,,,,,,,,,,,,
,,,,,,,,,,,,,,,,,,,,,,,,,,
,,,,,,,,,,,,,,,,,,,,,,,,,,
,,,,,,,,,,,,,,,,,,,,,,,,,,
,,,,,,,,,,,,,,,,,,,,,,,,,,
,,,,,,,,,,,,,,,,,,,,,,,,,,
,,,,,,,,,,,,,,,,,,,,,,,,,,
,,,,,,,,,,,,,,,,,,,,,,,,,,
,,,,,,,,,,,,,,,,,,,,,,,,,,
,,,,,,,,,,,,,,,,,,,,,,,,,,
,,,,,,,,,,,,,,,,,,,,,,,,,,
,,,,,,,,,,,,,,,,,,,,,,,,,,
,,,,,,,,,,,,,,,,,,,,,,,,,,
,,,,,,,,,,,,,,,,,,,,,,,,,,
,,,,,,,,,,,,,,,,,,,,,,,,,,
,,,,,,,,,,,,,,,,,,,,,,,,,,
,,,,,,,,,,,,,,,,,,,,,,,,,,
,,,,,,,,,,,,,,,,,,,,,,,,,,
,,,,,,,,,,,,,,,,,,,,,,,,,,
,,,,,,,,,,,,,,,,,,,,,,,,,,
,,,,,,,,,,,,,,,,,,,,,,,,,,
,,,,,,,,,,,,,,,,,,,,,,,,,,
,,,,,,,,,,,,,,,,,,,,,,,,,,
,,,,,,,,,,,,,,,,,,,,,,,,,,
,,,,,,,,,,,,,,,,,,,,,,,,,,
,,,,,,,,,,,,,,,,,,,,,,,,,,
,,,,,,,,,,,,,,,,,,,,,,,,,,
,,,,,,,,,,,,,,,,,,,,,,,,,,
,,,,,,,,,,,,,,,,,,,,,,,,,,
,,,,,,,,,,,,,,,,,,,,,,,,,,
,,,,,,,,,,,,,,,,,,,,,,,,,,
,,,,,,,,,,,,,,,,,,,,,,,,,,
,,,,,,,,,,,,,,,,,,,,,,,,,,
,,,,,,,,,,,,,,,,,,,,,,,,,,
,,,,,,,,,,,,,,,,,,,,,,,,,,
,,,,,,,,,,,,,,,,,,,,,,,,,,
,,,,,,,,,,,,,,,,,,,,,,,,,,
,,,,,,,,,,,,,,,,,,,,,,,,,,
,,,,,,,,,,,,,,,,,,,,,,,,,,
,,,,,,,,,,,,,,,,,,,,,,,,,,
,,,,,,,,,,,,,,,,,,,,,,,,,,
,,,,,,,,,,,,,,,,,,,,,,,,,,
,,,,,,,,,,,,,,,,,,,,,,,,,,
,,,,,,,,,,,,,,,,,,,,,,,,,,
,,,,,,,,,,,,,,,,,,,,,,,,,,
,,,,,,,,,,,,,,,,,,,,,,,,,,
,,,,,,,,,,,,,,,,,,,,,,,,,,
,,,,,,,,,,,,,,,,,,,,,,,,,,
,,,,,,,,,,,,,,,,,,,,,,,,,,
,,,,,,,,,,,,,,,,,,,,,,,,,,
,,,,,,,,,,,,,,,,,,,,,,,,,,
,,,,,,,,,,,,,,,,,,,,,,,,,,
,,,,,,,,,,,,,,,,,,,,,,,,,,
,,,,,,,,,,,,,,,,,,,,,,,,,,
,,,,,,,,,,,,,,,,,,,,,,,,,,
,,,,,,,,,,,,,,,,,,,,,,,,,,
,,,,,,,,,,,,,,,,,,,,,,,,,,
,,,,,,,,,,,,,,,,,,,,,,,,,,
,,,,,,,,,,,,,,,,,,,,,,,,,,
,,,,,,,,,,,,,,,,,,,,,,,,,,
,,,,,,,,,,,,,,,,,,,,,,,,,,
,,,,,,,,,,,,,,,,,,,,,,,,,,
,,,,,,,,,,,,,,,,,,,,,,,,,,
,,,,,,,,,,,,,,,,,,,,,,,,,,
,,,,,,,,,,,,,,,,,,,,,,,,,,
,,,,,,,,,,,,,,,,,,,,,,,,,,
,,,,,,,,,,,,,,,,,,,,,,,,,,
,,,,,,,,,,,,,,,,,,,,,,,,,,
,,,,,,,,,,,,,,,,,,,,,,,,,,
,,,,,,,,,,,,,,,,,,,,,,,,,,
,,,,,,,,,,,,,,,,,,,,,,,,,,
,,,,,,,,,,,,,,,,,,,,,,,,,,
,,,,,,,,,,,,,,,,,,,,,,,,,,
,,,,,,,,,,,,,,,,,,,,,,,,,,
,,,,,,,,,,,,,,,,,,,,,,,,,,
,,,,,,,,,,,,,,,,,,,,,,,,,,
,,,,,,,,,,,,,,,,,,,,,,,,,,
,,,,,,,,,,,,,,,,,,,,,,,,,,
,,,,,,,,,,,,,,,,,,,,,,,,,,
,,,,,,,,,,,,,,,,,,,,,,,,,,
,,,,,,,,,,,,,,,,,,,,,,,,,,
,,,,,,,,,,,,,,,,,,,,,,,,,,
,,,,,,,,,,,,,,,,,,,,,,,,,,
,,,,,,,,,,,,,,,,,,,,,,,,,,
,,,,,,,,,,,,,,,,,,,,,,,,,,
,,,,,,,,,,,,,,,,,,,,,,,,,,
,,,,,,,,,,,,,,,,,,,,,,,,,,
,,,,,,,,,,,,,,,,,,,,,,,,,,
,,,,,,,,,,,,,,,,,,,,,,,,,,
,,,,,,,,,,,,,,,,,,,,,,,,,,
,,,,,,,,,,,,,,,,,,,,,,,,,,
,,,,,,,,,,,,,,,,,,,,,,,,,,
,,,,,,,,,,,,,,,,,,,,,,,,,,
,,,,,,,,,,,,,,,,,,,,,,,,,,
,,,,,,,,,,,,,,,,,,,,,,,,,,
,,,,,,,,,,,,,,,,,,,,,,,,,,
,,,,,,,,,,,,,,,,,,,,,,,,,,
,,,,,,,,,,,,,,,,,,,,,,,,,,
,,,,,,,,,,,,,,,,,,,,,,,,,,
,,,,,,,,,,,,,,,,,,,,,,,,,,
,,,,,,,,,,,,,,,,,,,,,,,,,,
,,,,,,,,,,,,,,,,,,,,,,,,,,
,,,,,,,,,,,,,,,,,,,,,,,,,,
,,,,,,,,,,,,,,,,,,,,,,,,,,
,,,,,,,,,,,,,,,,,,,,,,,,,,
,,,,,,,,,,,,,,,,,,,,,,,,,,
,,,,,,,,,,,,,,,,,,,,,,,,,,
,,,,,,,,,,,,,,,,,,,,,,,,,,
,,,,,,,,,,,,,,,,,,,,,,,,,,
,,,,,,,,,,,,,,,,,,,,,,,,,,
,,,,,,,,,,,,,,,,,,,,,,,,,,
,,,,,,,,,,,,,,,,,,,,,,,,,,
,,,,,,,,,,,,,,,,,,,,,,,,,,
,,,,,,,,,,,,,,,,,,,,,,,,,,
,,,,,,,,,,,,,,,,,,,,,,,,,,
,,,,,,,,,,,,,,,,,,,,,,,,,,
,,,,,,,,,,,,,,,,,,,,,,,,,,
,,,,,,,,,,,,,,,,,,,,,,,,,,
,,,,,,,,,,,,,,,,,,,,,,,,,,
,,,,,,,,,,,,,,,,,,,,,,,,,,
,,,,,,,,,,,,,,,,,,,,,,,,,,
,,,,,,,,,,,,,,,,,,,,,,,,,,
,,,,,,,,,,,,,,,,,,,,,,,,,,
,,,,,,,,,,,,,,,,,,,,,,,,,,
,,,,,,,,,,,,,,,,,,,,,,,,,,
,,,,,,,,,,,,,,,,,,,,,,,,,,
,,,,,,,,,,,,,,,,,,,,,,,,,,
,,,,,,,,,,,,,,,,,,,,,,,,,,
,,,,,,,,,,,,,,,,,,,,,,,,,,
,,,,,,,,,,,,,,,,,,,,,,,,,,
,,,,,,,,,,,,,,,,,,,,,,,,,,
,,,,,,,,,,,,,,,,,,,,,,,,,,
,,,,,,,,,,,,,,,,,,,,,,,,,,
,,,,,,,,,,,,,,,,,,,,,,,,,,
,,,,,,,,,,,,,,,,,,,,,,,,,,
,,,,,,,,,,,,,,,,,,,,,,,,,,
,,,,,,,,,,,,,,,,,,,,,,,,,,
,,,,,,,,,,,,,,,,,,,,,,,,,,
,,,,,,,,,,,,,,,,,,,,,,,,,,
,,,,,,,,,,,,,,,,,,,,,,,,,,
,,,,,,,,,,,,,,,,,,,,,,,,,,
,,,,,,,,,,,,,,,,,,,,,,,,,,
,,,,,,,,,,,,,,,,,,,,,,,,,,
,,,,,,,,,,,,,,,,,,,,,,,,,,
,,,,,,,,,,,,,,,,,,,,,,,,,,
,,,,,,,,,,,,,,,,,,,,,,,,,,
,,,,,,,,,,,,,,,,,,,,,,,,,,
,,,,,,,,,,,,,,,,,,,,,,,,,,
,,,,,,,,,,,,,,,,,,,,,,,,,,
,,,,,,,,,,,,,,,,,,,,,,,,,,
,,,,,,,,,,,,,,,,,,,,,,,,,,
,,,,,,,,,,,,,,,,,,,,,,,,,,
,,,,,,,,,,,,,,,,,,,,,,,,,,
,,,,,,,,,,,,,,,,,,,,,,,,,,
,,,,,,,,,,,,,,,,,,,,,,,,,,
,,,,,,,,,,,,,,,,,,,,,,,,,,
,,,,,,,,,,,,,,,,,,,,,,,,,,
,,,,,,,,,,,,,,,,,,,,,,,,,,
,,,,,,,,,,,,,,,,,,,,,,,,,,
,,,,,,,,,,,,,,,,,,,,,,,,,,
,,,,,,,,,,,,,,,,,,,,,,,,,,
,,,,,,,,,,,,,,,,,,,,,,,,,,
,,,,,,,,,,,,,,,,,,,,,,,,,,
,,,,,,,,,,,,,,,,,,,,,,,,,,
,,,,,,,,,,,,,,,,,,,,,,,,,,
,,,,,,,,,,,,,,,,,,,,,,,,,,
,,,,,,,,,,,,,,,,,,,,,,,,,,
,,,,,,,,,,,,,,,,,,,,,,,,,,
,,,,,,,,,,,,,,,,,,,,,,,,,,
,,,,,,,,,,,,,,,,,,,,,,,,,,
,,,,,,,,,,,,,,,,,,,,,,,,,,
,,,,,,,,,,,,,,,,,,,,,,,,,,
,,,,,,,,,,,,,,,,,,,,,,,,,,
,,,,,,,,,,,,,,,,,,,,,,,,,,
,,,,,,,,,,,,,,,,,,,,,,,,,,
,,,,,,,,,,,,,,,,,,,,,,,,,,
,,,,,,,,,,,,,,,,,,,,,,,,,,
,,,,,,,,,,,,,,,,,,,,,,,,,,
,,,,,,,,,,,,,,,,,,,,,,,,,,
,,,,,,,,,,,,,,,,,,,,,,,,,,
,,,,,,,,,,,,,,,,,,,,,,,,,,
,,,,,,,,,,,,,,,,,,,,,,,,,,
,,,,,,,,,,,,,,,,,,,,,,,,,,
,,,,,,,,,,,,,,,,,,,,,,,,,,
,,,,,,,,,,,,,,,,,,,,,,,,,,
,,,,,,,,,,,,,,,,,,,,,,,,,,
,,,,,,,,,,,,,,,,,,,,,,,,,,
,,,,,,,,,,,,,,,,,,,,,,,,,,
,,,,,,,,,,,,,,,,,,,,,,,,,,
,,,,,,,,,,,,,,,,,,,,,,,,,,
,,,,,,,,,,,,,,,,,,,,,,,,,,
,,,,,,,,,,,,,,,,,,,,,,,,,,
,,,,,,,,,,,,,,,,,,,,,,,,,,
,,,,,,,,,,,,,,,,,,,,,,,,,,
,,,,,,,,,,,,,,,,,,,,,,,,,,
,,,,,,,,,,,,,,,,,,,,,,,,,,
,,,,,,,,,,,,,,,,,,,,,,,,,,
,,,,,,,,,,,,,,,,,,,,,,,,,,
,,,,,,,,,,,,,,,,,,,,,,,,,,
,,,,,,,,,,,,,,,,,,,,,,,,,,
,,,,,,,,,,,,,,,,,,,,,,,,,,
,,,,,,,,,,,,,,,,,,,,,,,,,,
,,,,,,,,,,,,,,,,,,,,,,,,,,
,,,,,,,,,,,,,,,,,,,,,,,,,,
,,,,,,,,,,,,,,,,,,,,,,,,,,
,,,,,,,,,,,,,,,,,,,,,,,,,,
,,,,,,,,,,,,,,,,,,,,,,,,,,
,,,,,,,,,,,,,,,,,,,,,,,,,,
,,,,,,,,,,,,,,,,,,,,,,,,,,
,,,,,,,,,,,,,,,,,,,,,,,,,,
,,,,,,,,,,,,,,,,,,,,,,,,,,
,,,,,,,,,,,,,,,,,,,,,,,,,,
,,,,,,,,,,,,,,,,,,,,,,,,,,
,,,,,,,,,,,,,,,,,,,,,,,,,,
,,,,,,,,,,,,,,,,,,,,,,,,,,
,,,,,,,,,,,,,,,,,,,,,,,,,,
,,,,,,,,,,,,,,,,,,,,,,,,,,
,,,,,,,,,,,,,,,,,,,,,,,,,,
,,,,,,,,,,,,,,,,,,,,,,,,,,
,,,,,,,,,,,,,,,,,,,,,,,,,,
,,,,,,,,,,,,,,,,,,,,,,,,,,
,,,,,,,,,,,,,,,,,,,,,,,,,,
,,,,,,,,,,,,,,,,,,,,,,,,,,
,,,,,,,,,,,,,,,,,,,,,,,,,,
,,,,,,,,,,,,,,,,,,,,,,,,,,
,,,,,,,,,,,,,,,,,,,,,,,,,,
,,,,,,,,,,,,,,,,,,,,,,,,,,
,,,,,,,,,,,,,,,,,,,,,,,,,,
,,,,,,,,,,,,,,,,,,,,,,,,,,
,,,,,,,,,,,,,,,,,,,,,,,,,,
,,,,,,,,,,,,,,,,,,,,,,,,,,
,,,,,,,,,,,,,,,,,,,,,,,,,,
,,,,,,,,,,,,,,,,,,,,,,,,,,
,,,,,,,,,,,,,,,,,,,,,,,,,,
,,,,,,,,,,,,,,,,,,,,,,,,,,
,,,,,,,,,,,,,,,,,,,,,,,,,,
,,,,,,,,,,,,,,,,,,,,,,,,,,
,,,,,,,,,,,,,,,,,,,,,,,,,,
,,,,,,,,,,,,,,,,,,,,,,,,,,
,,,,,,,,,,,,,,,,,,,,,,,,,,
,,,,,,,,,,,,,,,,,,,,,,,,,,
,,,,,,,,,,,,,,,,,,,,,,,,,,
,,,,,,,,,,,,,,,,,,,,,,,,,,
,,,,,,,,,,,,,,,,,,,,,,,,,,
,,,,,,,,,,,,,,,,,,,,,,,,,,
,,,,,,,,,,,,,,,,,,,,,,,,,,
,,,,,,,,,,,,,,,,,,,,,,,,,,
,,,,,,,,,,,,,,,,,,,,,,,,,,
,,,,,,,,,,,,,,,,,,,,,,,,,,
,,,,,,,,,,,,,,,,,,,,,,,,,,
,,,,,,,,,,,,,,,,,,,,,,,,,,
,,,,,,,,,,,,,,,,,,,,,,,,,,
,,,,,,,,,,,,,,,,,,,,,,,,,,
,,,,,,,,,,,,,,,,,,,,,,,,,,
,,,,,,,,,,,,,,,,,,,,,,,,,,
,,,,,,,,,,,,,,,,,,,,,,,,,,
,,,,,,,,,,,,,,,,,,,,,,,,,,
,,,,,,,,,,,,,,,,,,,,,,,,,,
,,,,,,,,,,,,,,,,,,,,,,,,,,
,,,,,,,,,,,,,,,,,,,,,,,,,,
,,,,,,,,,,,,,,,,,,,,,,,,,,
,,,,,,,,,,,,,,,,,,,,,,,,,,
,,,,,,,,,,,,,,,,,,,,,,,,,,
,,,,,,,,,,,,,,,,,,,,,,,,,,
,,,,,,,,,,,,,,,,,,,,,,,,,,
,,,,,,,,,,,,,,,,,,,,,,,,,,
,,,,,,,,,,,,,,,,,,,,,,,,,,
,,,,,,,,,,,,,,,,,,,,,,,,,,
,,,,,,,,,,,,,,,,,,,,,,,,,,
,,,,,,,,,,,,,,,,,,,,,,,,,,
,,,,,,,,,,,,,,,,,,,,,,,,,,
,,,,,,,,,,,,,,,,,,,,,,,,,,
,,,,,,,,,,,,,,,,,,,,,,,,,,
,,,,,,,,,,,,,,,,,,,,,,,,,,
,,,,,,,,,,,,,,,,,,,,,,,,,,
,,,,,,,,,,,,,,,,,,,,,,,,,,
,,,,,,,,,,,,,,,,,,,,,,,,,,
,,,,,,,,,,,,,,,,,,,,,,,,,,
,,,,,,,,,,,,,,,,,,,,,,,,,,
,,,,,,,,,,,,,,,,,,,,,,,,,,
,,,,,,,,,,,,,,,,,,,,,,,,,,
,,,,,,,,,,,,,,,,,,,,,,,,,,
,,,,,,,,,,,,,,,,,,,,,,,,,,
,,,,,,,,,,,,,,,,,,,,,,,,,,
,,,,,,,,,,,,,,,,,,,,,,,,,,
,,,,,,,,,,,,,,,,,,,,,,,,,,
,,,,,,,,,,,,,,,,,,,,,,,,,,
,,,,,,,,,,,,,,,,,,,,,,,,,,
,,,,,,,,,,,,,,,,,,,,,,,,,,
